epoch,time,train/box_loss,train/cls_loss,train/dfl_loss,metrics/precision(B),metrics/recall(B),metrics/mAP50(B),metrics/mAP50-95(B),val/box_loss,val/cls_loss,val/dfl_loss,lr/pg0,lr/pg1,lr/pg2
1,3.94669,1.69768,3.58535,1.77113,0.00975,0.63636,0.24115,0.17985,0.9967,3.17382,1.20936,0.00012861,0.00012861,0.00012861
2,7.16383,1.16639,2.76553,1.32473,0.00982,0.66667,0.50386,0.37222,0.85766,2.85545,0.99857,0.000271241,0.000271241,0.000271241
3,10.044,1.07314,2.15376,1.2578,0.01583,0.66667,0.65333,0.43136,0.76708,2.77905,1.1083,0.000413589,0.000413589,0.000413589
4,12.9263,1.08019,1.81878,1.28014,0.01169,0.63636,0.43727,0.3472,0.81372,2.69034,1.08174,0.000555655,0.000555655,0.000555655
5,15.7919,1.01863,1.55278,1.21592,1,0.1147,0.64353,0.47287,0.84452,2.31895,1.28243,0.000697437,0.000697437,0.000697437
6,18.4671,0.98956,1.48567,1.21481,0.96261,0.33333,0.59729,0.49929,0.72603,2.15166,1.18453,0.000838937,0.000838937,0.000838937
7,21.1429,0.96516,1.35889,1.19357,0.91344,0.33333,0.60427,0.47022,0.81684,1.92489,1.16413,0.000980153,0.000980153,0.000980153
8,23.9174,1.00396,1.33067,1.2249,0.86937,0.47416,0.64917,0.52438,0.80062,1.74032,1.16738,0.00112109,0.00112109,0.00112109
9,26.6913,1.04584,1.30322,1.22301,0.69086,0.52844,0.62135,0.48675,0.83288,1.69723,1.16745,0.00126174,0.00126174,0.00126174
10,29.4261,1.07788,1.3768,1.23486,0.7904,0.48346,0.61788,0.44943,0.87379,1.70872,1.22289,0.0014021,0.0014021,0.0014021
11,32.1633,0.87353,1.20724,1.13675,0.99488,0.33333,0.58455,0.43891,0.82614,1.71318,1.17358,0.00141485,0.00141485,0.00141485
12,35.0351,0.96104,1.17369,1.1502,0.93463,0.6473,0.65872,0.51247,0.95181,1.10176,1.27208,0.00141344,0.00141344,0.00141344
13,37.8114,0.91024,1.1065,1.13386,0.72743,0.51515,0.54197,0.4344,0.74671,1.37023,1.11735,0.00141202,0.00141202,0.00141202
14,40.6194,0.94879,1.09528,1.15638,0.97509,0.65692,0.66333,0.53027,0.71596,0.99973,1.08648,0.00141061,0.00141061,0.00141061
15,43.469,0.89953,1.08869,1.14537,0.89921,0.58003,0.55719,0.41528,0.96624,1.29814,1.29261,0.00140919,0.00140919,0.00140919
16,46.3566,0.94578,1.06779,1.14132,0.95476,0.43334,0.54522,0.40423,1.18925,1.39347,1.38915,0.00140778,0.00140778,0.00140778
17,49.1115,0.92007,0.97719,1.12152,0.87354,0.45455,0.51895,0.36638,0.97753,1.44572,1.26139,0.00140636,0.00140636,0.00140636
18,52.021,0.92038,1.02238,1.1455,0.66113,0.39394,0.35897,0.2828,0.90906,1.96309,1.1196,0.00140495,0.00140495,0.00140495
19,54.9879,0.91433,1.00416,1.13294,0.82322,0.54545,0.57823,0.44728,0.83791,1.24826,1.15562,0.00140354,0.00140354,0.00140354
20,57.7649,0.88355,0.98048,1.10987,0.99452,0.66667,0.66333,0.50264,0.94832,0.95128,1.33461,0.00140212,0.00140212,0.00140212
21,60.6712,0.91466,0.98367,1.15215,0.98092,0.63636,0.66083,0.56676,0.63343,0.9077,1.06941,0.00140071,0.00140071,0.00140071
22,63.5811,0.84846,0.92714,1.11912,0.98458,0.66667,0.66333,0.56639,0.61397,0.82459,1.03752,0.00139929,0.00139929,0.00139929
23,66.4877,0.87056,0.89706,1.13473,0.99311,0.66667,0.66333,0.53735,0.70042,0.76905,1.0725,0.00139788,0.00139788,0.00139788
24,69.6177,0.87243,0.91789,1.12754,0.97721,0.63636,0.66083,0.52145,0.78558,0.95176,1.10908,0.00139646,0.00139646,0.00139646
25,72.5391,0.87955,0.93649,1.11903,0.99406,0.66647,0.66333,0.5553,0.76656,0.80495,1.08893,0.00139505,0.00139505,0.00139505
26,75.54,0.84758,0.88346,1.11575,0.996,0.66631,0.66333,0.56656,0.66454,0.70211,1.06478,0.00139363,0.00139363,0.00139363
27,78.3696,0.87457,0.9105,1.14175,0.99472,0.66667,0.66333,0.55684,0.64157,0.62119,1.04812,0.00139222,0.00139222,0.00139222
28,81.3138,0.91682,0.84783,1.1309,0.99145,0.66667,0.66333,0.57773,0.69795,0.66349,1.07251,0.0013908,0.0013908,0.0013908
29,84.2477,0.93939,0.84868,1.13307,0.72263,0.63636,0.56798,0.39964,1.22876,1.16747,1.34198,0.00138939,0.00138939,0.00138939
30,87.1719,0.86121,0.80107,1.08003,0.91634,0.64406,0.65833,0.37977,1.31463,0.97896,1.46761,0.00138797,0.00138797,0.00138797
31,90.4887,0.85346,0.77439,1.0983,0.99408,0.63636,0.66083,0.55112,0.73421,0.54075,1.10276,0.00138656,0.00138656,0.00138656
32,93.7223,0.79088,0.79921,1.09349,0.99063,0.66667,0.66333,0.55552,0.66429,0.56247,1.06359,0.00138514,0.00138514,0.00138514
33,96.985,0.85044,0.80589,1.11591,0.99354,0.66667,0.66333,0.57773,0.65159,0.52728,1.0447,0.00138373,0.00138373,0.00138373
34,100.22,0.80125,0.73342,1.09581,0.98819,0.63636,0.66083,0.55621,0.6766,0.54369,1.07512,0.00138231,0.00138231,0.00138231
35,103.324,0.80467,0.72205,1.07285,0.99382,0.63636,0.6569,0.57482,0.65068,0.52283,1.03813,0.0013809,0.0013809,0.0013809
36,106.709,0.78844,0.73356,1.06598,0.99007,0.66667,0.66333,0.58395,0.61216,0.52267,1.03539,0.00137949,0.00137949,0.00137949
37,109.833,0.82102,0.69575,1.07953,0.99305,0.66667,0.66333,0.57618,0.60336,0.50803,0.99266,0.00137807,0.00137807,0.00137807
38,112.931,0.79645,0.75745,1.08006,0.9943,0.66667,0.66333,0.58926,0.60882,0.49694,0.99733,0.00137666,0.00137666,0.00137666
39,115.993,0.84483,0.74297,1.1142,0.96539,0.66667,0.66083,0.584,0.6381,0.55229,1.00844,0.00137524,0.00137524,0.00137524
40,118.983,0.76918,0.70187,1.06803,0.99547,0.66397,0.66333,0.57314,0.63407,0.57269,1.02906,0.00137383,0.00137383,0.00137383
41,121.888,0.72941,0.66049,1.04513,0.99635,0.66667,0.66333,0.57905,0.63955,0.42961,1.03999,0.00137241,0.00137241,0.00137241
42,124.81,0.80835,0.70461,1.09308,0.99461,0.66667,0.66333,0.59072,0.55517,0.40069,1.01038,0.001371,0.001371,0.001371
43,127.784,0.79158,0.65153,1.08816,0.99516,0.66667,0.66333,0.57729,0.65876,0.45175,1.03405,0.00136958,0.00136958,0.00136958
44,130.77,0.73933,0.64205,1.04522,0.99401,0.66667,0.66333,0.57919,0.58047,0.44533,1.0228,0.00136817,0.00136817,0.00136817
45,133.677,0.77973,0.68817,1.04445,0.99183,0.66667,0.66333,0.58221,0.58386,0.47658,1.02477,0.00136675,0.00136675,0.00136675
46,136.642,0.75375,0.62903,1.0309,0.99143,0.66667,0.66333,0.59005,0.59495,0.47383,1.02331,0.00136534,0.00136534,0.00136534
47,139.649,0.78427,0.66627,1.05681,0.99,0.66667,0.66333,0.60193,0.5164,0.44988,0.99264,0.00136392,0.00136392,0.00136392
48,142.578,0.84196,0.66547,1.09871,0.99039,0.66667,0.66333,0.60417,0.54774,0.42294,1.01696,0.00136251,0.00136251,0.00136251
49,145.476,0.79806,0.6591,1.08235,0.99442,0.66667,0.66333,0.58244,0.57686,0.45158,1.04942,0.00136109,0.00136109,0.00136109
50,148.48,0.7869,0.64722,1.05553,0.99561,0.66667,0.66333,0.58393,0.5806,0.40031,1.02524,0.00135968,0.00135968,0.00135968
51,151.367,0.73208,0.59571,1.04348,0.99298,0.66667,0.66333,0.55595,0.71142,0.46755,1.09598,0.00135826,0.00135826,0.00135826
52,154.316,0.77556,0.59716,1.06884,0.99058,0.66667,0.66333,0.55555,0.72657,0.43061,1.07506,0.00135685,0.00135685,0.00135685
53,157.256,0.75568,0.60374,1.05104,0.99403,0.66667,0.66333,0.56574,0.61976,0.39598,1.05928,0.00135544,0.00135544,0.00135544
54,160.216,0.77744,0.61239,1.07591,0.993,0.66667,0.66333,0.58409,0.54852,0.37671,1.00887,0.00135402,0.00135402,0.00135402
55,163.131,0.71251,0.58435,1.04976,0.99675,0.66667,0.66333,0.58927,0.58026,0.36415,1.0112,0.00135261,0.00135261,0.00135261
56,166.073,0.75551,0.61127,1.06108,0.99571,0.66667,0.66333,0.58125,0.60936,0.36542,1.01558,0.00135119,0.00135119,0.00135119
57,168.979,0.72878,0.58976,1.04403,0.99677,0.66667,0.66333,0.59311,0.59569,0.37327,1.00599,0.00134978,0.00134978,0.00134978
58,171.882,0.75554,0.59562,1.02917,0.99362,0.66667,0.66333,0.58801,0.57196,0.37211,1.00569,0.00134836,0.00134836,0.00134836
59,174.886,0.71211,0.5632,1.01965,0.99437,0.66667,0.66333,0.58884,0.53219,0.37053,0.99359,0.00134695,0.00134695,0.00134695
60,177.818,0.69888,0.55617,1.04088,0.99383,0.66667,0.66333,0.59244,0.55235,0.36367,0.99888,0.00134553,0.00134553,0.00134553
61,180.736,0.7423,0.57934,1.06131,0.99657,0.66667,0.66333,0.59865,0.51619,0.35313,0.98502,0.00134412,0.00134412,0.00134412
62,183.672,0.70249,0.53581,1.01708,0.99656,0.66667,0.66333,0.60644,0.51308,0.33793,0.98196,0.0013427,0.0013427,0.0013427
63,186.617,0.75397,0.57974,1.04807,0.99375,0.66667,0.66333,0.58024,0.59316,0.3822,0.99712,0.00134129,0.00134129,0.00134129
64,189.698,0.74075,0.56228,1.03473,0.9935,0.66667,0.66333,0.5989,0.52874,0.41155,0.99202,0.00133987,0.00133987,0.00133987
65,192.67,0.75767,0.62749,1.08132,0.98973,0.66667,0.66333,0.59964,0.52247,0.43335,0.97349,0.00133846,0.00133846,0.00133846
66,195.709,0.78292,0.58657,1.04833,0.98743,0.66667,0.66333,0.57131,0.58143,0.43732,0.99281,0.00133704,0.00133704,0.00133704
67,198.603,0.75999,0.57788,1.06397,0.99273,0.66667,0.66333,0.56955,0.65304,0.39758,1.03031,0.00133563,0.00133563,0.00133563
68,201.521,0.6883,0.51784,1.02068,0.99323,0.66667,0.66333,0.57094,0.62184,0.3635,1.04309,0.00133421,0.00133421,0.00133421
69,204.433,0.75505,0.5599,1.04372,0.99242,0.66667,0.66333,0.59188,0.50357,0.36267,0.96348,0.0013328,0.0013328,0.0013328
70,207.377,0.77055,0.57978,1.05489,0.99246,0.66667,0.66333,0.5853,0.57317,0.36399,1.00542,0.00133139,0.00133139,0.00133139
71,210.241,0.71949,0.54974,1.02375,0.98912,0.66667,0.66333,0.5929,0.54773,0.34574,0.97336,0.00132997,0.00132997,0.00132997
72,213.185,0.70787,0.52745,1.04679,0.99599,0.66667,0.66333,0.51349,0.9398,0.41397,1.18604,0.00132856,0.00132856,0.00132856
73,216.158,0.75499,0.53393,1.00672,0.99622,0.66667,0.66333,0.5928,0.50047,0.33424,0.97915,0.00132714,0.00132714,0.00132714
74,219.489,0.683,0.52899,1.03494,0.99459,0.66667,0.66333,0.59756,0.52297,0.39287,0.97399,0.00132573,0.00132573,0.00132573
75,222.421,0.72488,0.55319,1.0309,0.99339,0.66667,0.66333,0.58247,0.52304,0.43113,0.97566,0.00132431,0.00132431,0.00132431
76,225.376,0.70237,0.5118,1.01072,0.99423,0.66667,0.66333,0.56796,0.61755,0.45786,1.01718,0.0013229,0.0013229,0.0013229
77,228.262,0.72966,0.53462,1.04614,0.98681,0.66667,0.66333,0.59302,0.5336,0.43633,0.96887,0.00132148,0.00132148,0.00132148
78,231.263,0.71812,0.55748,1.04969,0.99212,0.66667,0.66333,0.59868,0.52706,0.39349,0.97975,0.00132007,0.00132007,0.00132007
79,234.255,0.6786,0.51891,1.01656,0.99386,0.66667,0.66333,0.60451,0.51093,0.35705,0.95768,0.00131865,0.00131865,0.00131865
80,237.236,0.66119,0.51169,0.99415,0.99606,0.66667,0.66333,0.57889,0.58782,0.39335,0.98615,0.00131724,0.00131724,0.00131724
81,240.194,0.68065,0.52904,1.02018,0.99509,0.66667,0.66333,0.61333,0.52081,0.35262,0.96276,0.00131582,0.00131582,0.00131582
82,243.244,0.7299,0.56173,1.05186,0.99214,0.66667,0.66333,0.58755,0.52653,0.36267,0.98035,0.00131441,0.00131441,0.00131441
83,246.293,0.66721,0.49183,0.99253,0.99609,0.66667,0.66333,0.56976,0.55981,0.45625,1.01552,0.00131299,0.00131299,0.00131299
84,249.379,0.694,0.50588,1.01865,0.98913,0.66667,0.66333,0.59565,0.52367,0.40724,0.95137,0.00131158,0.00131158,0.00131158
85,252.419,0.73843,0.528,1.03882,0.98204,0.66667,0.66333,0.58449,0.55508,0.4255,0.95222,0.00131016,0.00131016,0.00131016
86,255.77,0.71609,0.53759,1.02855,0.95337,0.66667,0.66333,0.5757,0.66905,0.42298,1.03231,0.00130875,0.00130875,0.00130875
87,259.044,0.73452,0.55821,1.02722,0.99138,0.66667,0.66333,0.59917,0.51485,0.3886,0.98139,0.00130733,0.00130733,0.00130733
88,262.142,0.67223,0.47399,1.0009,0.99405,0.66667,0.66333,0.60135,0.46433,0.35824,0.94643,0.00130592,0.00130592,0.00130592
89,265.193,0.69792,0.51759,1.03054,0.99315,0.66667,0.66333,0.58674,0.47787,0.35885,0.96379,0.00130451,0.00130451,0.00130451
90,268.359,0.65351,0.48188,0.99045,0.99597,0.66667,0.66333,0.6094,0.47137,0.33113,0.94207,0.00130309,0.00130309,0.00130309
91,271.445,0.66058,0.51103,1.02448,0.99593,0.66667,0.66333,0.60257,0.49937,0.34649,0.9507,0.00130168,0.00130168,0.00130168
92,274.555,0.66691,0.48527,1.02449,0.99579,0.66667,0.66333,0.60392,0.50526,0.36151,0.9563,0.00130026,0.00130026,0.00130026
93,277.607,0.66994,0.49763,1.00885,0.9936,0.66667,0.66333,0.6047,0.50925,0.34383,0.96593,0.00129885,0.00129885,0.00129885
94,280.742,0.66428,0.49219,1.02045,0.99638,0.66667,0.66333,0.59307,0.51421,0.34298,0.96254,0.00129743,0.00129743,0.00129743
95,283.729,0.6264,0.47629,0.9994,0.99609,0.66667,0.66333,0.60063,0.49803,0.33885,0.9629,0.00129602,0.00129602,0.00129602
96,286.841,0.62781,0.43951,1.01136,0.99529,0.66667,0.66333,0.59549,0.51475,0.46108,0.95775,0.0012946,0.0012946,0.0012946
97,289.822,0.62798,0.49691,0.99725,0.99653,0.66667,0.66333,0.54403,0.81181,0.41886,1.12541,0.00129319,0.00129319,0.00129319
98,292.828,0.63219,0.46867,0.98326,0.99437,0.66667,0.66333,0.55516,0.7657,0.37969,1.11104,0.00129177,0.00129177,0.00129177
99,295.831,0.6872,0.52823,1.02623,0.99537,0.66667,0.66333,0.59626,0.52379,0.33946,0.98601,0.00129036,0.00129036,0.00129036
100,299.176,0.66861,0.47916,1.02655,0.99293,0.66667,0.66333,0.60394,0.53874,0.378,0.99292,0.00128894,0.00128894,0.00128894
101,302.284,0.71497,0.5171,1.04262,0.99119,0.66667,0.66333,0.60246,0.51317,0.40866,0.97218,0.00128753,0.00128753,0.00128753
102,305.303,0.66244,0.48483,1.00356,0.99492,0.66667,0.66333,0.58552,0.48681,0.46698,0.95398,0.00128611,0.00128611,0.00128611
103,308.264,0.67647,0.49204,1.00259,0.99181,0.66667,0.66333,0.58858,0.51458,0.50865,0.96157,0.0012847,0.0012847,0.0012847
104,311.332,0.72411,0.53877,1.04504,0.99164,0.66667,0.66333,0.60087,0.52652,0.44592,0.96698,0.00128328,0.00128328,0.00128328
105,314.584,0.67155,0.52028,1.01496,0.98467,0.66667,0.66333,0.58549,0.60515,0.47473,1.0232,0.00128187,0.00128187,0.00128187
106,317.917,0.70643,0.50046,1.01331,0.99565,0.66667,0.66333,0.57781,0.58801,0.34864,1.02103,0.00128046,0.00128046,0.00128046
107,321.281,0.67523,0.48465,1.01099,0.99584,0.66667,0.66333,0.58523,0.56983,0.31879,0.99739,0.00127904,0.00127904,0.00127904
108,324.512,0.70273,0.5015,1.02072,0.9947,0.66667,0.66333,0.61198,0.45936,0.27923,0.94132,0.00127763,0.00127763,0.00127763
109,327.566,0.71514,0.52209,1.02933,0.99367,0.66667,0.66333,0.58811,0.54183,0.33303,0.98632,0.00127621,0.00127621,0.00127621
110,330.681,0.69003,0.47044,1.02029,0.99514,0.66667,0.66333,0.59569,0.5134,0.4293,0.9564,0.0012748,0.0012748,0.0012748
111,333.694,0.69009,0.49853,1.02905,0.99433,0.66667,0.66333,0.60327,0.51388,0.38134,0.97155,0.00127338,0.00127338,0.00127338
112,336.757,0.66681,0.48251,1.02058,0.99324,0.66667,0.66333,0.59842,0.49849,0.30081,0.95347,0.00127197,0.00127197,0.00127197
113,339.712,0.64086,0.46344,0.99936,0.99499,0.66667,0.66333,0.61477,0.45426,0.30677,0.93971,0.00127055,0.00127055,0.00127055
114,342.737,0.60703,0.43162,0.98634,0.99446,0.66667,0.66333,0.61321,0.46975,0.40986,0.94999,0.00126914,0.00126914,0.00126914
115,345.689,0.62356,0.4698,1.00036,0.99421,0.66667,0.66333,0.59524,0.5383,0.44157,0.974,0.00126772,0.00126772,0.00126772
116,349.041,0.63414,0.48104,1.01059,0.99532,0.66667,0.66333,0.60882,0.51576,0.34283,0.96901,0.00126631,0.00126631,0.00126631
117,352.371,0.64676,0.48033,0.98782,0.99514,0.66667,0.66333,0.61025,0.46868,0.29943,0.94915,0.00126489,0.00126489,0.00126489
118,355.783,0.67808,0.47889,1.00272,0.99408,0.66667,0.66333,0.59571,0.54289,0.33051,0.98841,0.00126348,0.00126348,0.00126348
119,359.107,0.62964,0.47016,1.00332,0.99481,0.66667,0.66333,0.60411,0.48053,0.42451,0.96638,0.00126206,0.00126206,0.00126206
120,362.64,0.61551,0.4829,0.98698,0.99549,0.66667,0.66333,0.60216,0.48978,0.30114,0.95849,0.00126065,0.00126065,0.00126065
121,366.095,0.61015,0.47627,0.97659,0.99503,0.66667,0.66333,0.59413,0.50999,0.29493,0.97007,0.00125923,0.00125923,0.00125923
122,369.372,0.66334,0.50161,1.03852,0.9938,0.66667,0.66333,0.61043,0.49132,0.3138,0.95777,0.00125782,0.00125782,0.00125782
123,372.611,0.64585,0.476,1.00796,0.9947,0.66667,0.66333,0.60288,0.51457,0.34612,0.96099,0.00125641,0.00125641,0.00125641
124,375.884,0.61572,0.46407,0.98368,0.99563,0.66667,0.66333,0.61451,0.47446,0.28626,0.94985,0.00125499,0.00125499,0.00125499
125,378.969,0.60294,0.4469,0.97527,0.9935,0.66667,0.66333,0.60893,0.46216,0.31698,0.93549,0.00125358,0.00125358,0.00125358
126,382.279,0.64682,0.48558,1.02262,0.97031,0.66667,0.66333,0.58004,0.51193,0.36465,0.9846,0.00125216,0.00125216,0.00125216
127,385.511,0.66649,0.46914,1.00986,0.99567,0.66667,0.66333,0.57916,0.5585,0.32094,0.98769,0.00125075,0.00125075,0.00125075
128,388.875,0.61654,0.44041,1.00786,0.66268,0.66667,0.66333,0.6028,0.53009,0.30559,0.97852,0.00124933,0.00124933,0.00124933
129,392.089,0.66726,0.47878,1.02805,0.99637,0.66667,0.66333,0.57961,0.62609,0.35046,1.02534,0.00124792,0.00124792,0.00124792
130,395.253,0.6277,0.43644,0.99449,0.99613,0.66667,0.66333,0.59993,0.51216,0.32329,0.96038,0.0012465,0.0012465,0.0012465
131,398.505,0.64876,0.45918,1.00158,0.99688,0.66667,0.66333,0.59344,0.54244,0.32106,0.97007,0.00124509,0.00124509,0.00124509
132,401.911,0.62047,0.43271,0.98168,0.99606,0.66667,0.66333,0.58613,0.52391,0.3101,0.98088,0.00124367,0.00124367,0.00124367
133,405.115,0.60725,0.43351,0.99109,0.99512,0.66667,0.66333,0.59191,0.51297,0.29797,0.96241,0.00124226,0.00124226,0.00124226
134,408.757,0.62635,0.43635,0.9839,0.99537,0.66667,0.66333,0.61645,0.46465,0.30333,0.93937,0.00124084,0.00124084,0.00124084
135,412.046,0.61746,0.43734,1.013,0.99581,0.66667,0.66333,0.59889,0.45338,0.33046,0.93968,0.00123943,0.00123943,0.00123943
136,415.505,0.62854,0.43413,0.99456,0.9935,0.66667,0.66333,0.5967,0.49679,0.35958,0.94623,0.00123801,0.00123801,0.00123801
137,418.94,0.61552,0.43881,0.98525,0.99332,0.66667,0.66333,0.62212,0.44432,0.31946,0.92254,0.0012366,0.0012366,0.0012366
138,422.359,0.61383,0.41215,0.97619,0.99522,0.66667,0.66333,0.61938,0.4615,0.31398,0.93036,0.00123518,0.00123518,0.00123518
139,425.818,0.63241,0.44675,0.98931,0.99516,0.66667,0.66333,0.61315,0.47494,0.28711,0.94168,0.00123377,0.00123377,0.00123377
140,429.237,0.62546,0.44034,1.00113,0.99324,0.66667,0.66333,0.60399,0.49267,0.30359,0.95192,0.00123236,0.00123236,0.00123236
141,432.493,0.61183,0.44203,0.98192,0.99305,0.66667,0.66333,0.61994,0.47641,0.34198,0.95593,0.00123094,0.00123094,0.00123094
142,435.983,0.60405,0.44198,0.99003,0.99346,0.66667,0.66333,0.61372,0.44445,0.42636,0.94136,0.00122953,0.00122953,0.00122953
143,439.217,0.60251,0.4402,0.98889,0.99432,0.66667,0.66333,0.61499,0.46899,0.29699,0.94893,0.00122811,0.00122811,0.00122811
144,442.493,0.60294,0.41723,0.96735,0.99534,0.66667,0.66333,0.61829,0.44772,0.32147,0.92947,0.0012267,0.0012267,0.0012267
145,445.86,0.61951,0.43704,1.00807,0.99373,0.66667,0.66333,0.61918,0.45069,0.29279,0.93182,0.00122528,0.00122528,0.00122528
146,449.037,0.59832,0.45224,0.98431,0.99424,0.66667,0.66333,0.60016,0.49934,0.30745,0.95098,0.00122387,0.00122387,0.00122387
147,452.355,0.61683,0.44455,1.00798,0.99455,0.66667,0.66333,0.60827,0.47921,0.28543,0.93919,0.00122245,0.00122245,0.00122245
148,455.736,0.6038,0.45619,0.99127,0.99378,0.66667,0.66333,0.61927,0.45541,0.33056,0.93207,0.00122104,0.00122104,0.00122104
149,459.067,0.64502,0.47024,1.03717,0.99297,0.66667,0.66333,0.60929,0.46164,0.35046,0.92673,0.00121962,0.00121962,0.00121962
150,462.561,0.56956,0.41294,0.95303,0.99608,0.66667,0.66333,0.60674,0.48177,0.31821,0.93801,0.00121821,0.00121821,0.00121821
151,466.039,0.62376,0.45367,0.97823,0.99616,0.66667,0.66333,0.60906,0.45072,0.28472,0.93157,0.00121679,0.00121679,0.00121679
152,469.183,0.61521,0.4315,0.99983,0.99588,0.66667,0.66333,0.60681,0.48769,0.30566,0.95529,0.00121538,0.00121538,0.00121538
153,472.607,0.61571,0.43997,1.00579,0.99547,0.66667,0.66333,0.60835,0.45901,0.31965,0.93097,0.00121396,0.00121396,0.00121396
154,476.308,0.60984,0.4199,1.00019,0.99591,0.66667,0.66333,0.61243,0.45438,0.31266,0.92201,0.00121255,0.00121255,0.00121255
155,479.677,0.5788,0.4028,0.98043,0.99519,0.66667,0.66333,0.62194,0.46978,0.30818,0.93977,0.00121113,0.00121113,0.00121113
156,482.971,0.60165,0.41644,0.97228,0.99331,0.66667,0.66333,0.60533,0.47317,0.28724,0.9478,0.00120972,0.00120972,0.00120972
157,486.608,0.58073,0.39627,0.96785,0.99517,0.66667,0.66333,0.60111,0.48523,0.29766,0.94814,0.00120831,0.00120831,0.00120831
158,490.184,0.59571,0.44917,1.00249,0.99493,0.66667,0.66333,0.60439,0.48128,0.31373,0.94546,0.00120689,0.00120689,0.00120689
159,493.348,0.63587,0.44706,1.00244,0.99411,0.66667,0.66333,0.60343,0.48282,0.29584,0.95889,0.00120548,0.00120548,0.00120548
160,496.799,0.61442,0.43539,1.00624,0.99178,0.66667,0.66333,0.60341,0.51225,0.37363,0.96517,0.00120406,0.00120406,0.00120406
161,500.111,0.58835,0.42166,0.98043,0.99136,0.66667,0.66333,0.61792,0.43244,0.37474,0.92591,0.00120265,0.00120265,0.00120265
162,503.494,0.58673,0.41916,0.97138,0.98904,0.66667,0.66333,0.61463,0.49893,0.39593,0.94858,0.00120123,0.00120123,0.00120123
163,506.543,0.59635,0.42514,0.96819,0.99411,0.66667,0.66333,0.61146,0.45999,0.34953,0.93263,0.00119982,0.00119982,0.00119982
164,510.037,0.60229,0.413,0.97624,0.99557,0.66667,0.66333,0.60352,0.48981,0.28641,0.93842,0.0011984,0.0011984,0.0011984
165,513.112,0.56663,0.42328,0.9658,0.99561,0.66667,0.66333,0.60862,0.49274,0.30934,0.9468,0.00119699,0.00119699,0.00119699
166,516.329,0.60394,0.41909,0.97944,0.99533,0.66667,0.66333,0.6091,0.45249,0.3045,0.92094,0.00119557,0.00119557,0.00119557
167,519.447,0.57326,0.41856,0.98646,0.99542,0.66667,0.66333,0.60197,0.48947,0.30533,0.93499,0.00119416,0.00119416,0.00119416
168,522.785,0.58274,0.4232,0.97349,0.99557,0.66667,0.66333,0.60964,0.46529,0.28734,0.93137,0.00119274,0.00119274,0.00119274
169,526.043,0.58677,0.42069,0.97964,0.99469,0.66667,0.66333,0.59949,0.51265,0.30789,0.95197,0.00119133,0.00119133,0.00119133
170,529.176,0.57487,0.40973,0.97787,0.99478,0.66667,0.66333,0.61736,0.48124,0.30715,0.94334,0.00118991,0.00118991,0.00118991
171,532.279,0.63335,0.43545,0.97671,0.99542,0.66667,0.66333,0.60743,0.47149,0.29727,0.94993,0.0011885,0.0011885,0.0011885
172,535.364,0.59785,0.41194,0.98944,0.99613,0.66667,0.66333,0.60469,0.49732,0.32294,0.95609,0.00118708,0.00118708,0.00118708
173,538.527,0.5657,0.42879,0.9758,0.99617,0.66667,0.66333,0.60605,0.46624,0.30318,0.94906,0.00118567,0.00118567,0.00118567
174,541.597,0.62037,0.45176,1.0023,0.99311,0.66667,0.66333,0.61816,0.45571,0.28105,0.93884,0.00118426,0.00118426,0.00118426
175,544.581,0.60958,0.44921,0.99203,0.99175,0.66667,0.66333,0.60544,0.45839,0.28781,0.9413,0.00118284,0.00118284,0.00118284
176,547.58,0.56824,0.41647,0.9628,0.98938,0.66667,0.66333,0.61522,0.44591,0.29901,0.94025,0.00118143,0.00118143,0.00118143
177,550.586,0.57367,0.42472,0.98038,0.97374,0.66295,0.66333,0.60534,0.46008,0.43505,0.92922,0.00118001,0.00118001,0.00118001
178,553.614,0.58034,0.43087,0.97289,0.99427,0.66667,0.66333,0.60387,0.46419,0.30792,0.92901,0.0011786,0.0011786,0.0011786
179,556.631,0.55738,0.39456,0.95132,0.99479,0.66667,0.66333,0.60054,0.49256,0.33274,0.93248,0.00117718,0.00117718,0.00117718
180,559.698,0.5641,0.40054,0.9623,0.99442,0.66667,0.66333,0.6029,0.48843,0.3298,0.93427,0.00117577,0.00117577,0.00117577
181,562.744,0.5649,0.39431,0.96511,0.99604,0.66667,0.66333,0.60085,0.48036,0.29166,0.94696,0.00117435,0.00117435,0.00117435
182,565.816,0.59989,0.40252,0.97594,0.99527,0.66667,0.66333,0.60387,0.48106,0.28475,0.9472,0.00117294,0.00117294,0.00117294
183,568.964,0.56284,0.40032,0.96772,0.99439,0.66667,0.66333,0.59944,0.46835,0.30356,0.94543,0.00117152,0.00117152,0.00117152
184,571.967,0.56326,0.41144,0.94736,0.99314,0.66667,0.66333,0.58742,0.50933,0.37565,0.9766,0.00117011,0.00117011,0.00117011
185,574.981,0.56325,0.39419,0.95852,0.99502,0.66667,0.66333,0.5999,0.47795,0.33131,0.95102,0.00116869,0.00116869,0.00116869
186,578.155,0.56632,0.39829,0.97639,0.99575,0.66667,0.66333,0.61391,0.44194,0.2738,0.92405,0.00116728,0.00116728,0.00116728
187,581.212,0.57966,0.40557,0.96615,0.996,0.66667,0.66333,0.62547,0.43401,0.2689,0.92467,0.00116586,0.00116586,0.00116586
188,584.253,0.54801,0.39947,0.95911,0.99494,0.66667,0.66333,0.62062,0.40974,0.25573,0.91397,0.00116445,0.00116445,0.00116445
189,587.316,0.58898,0.42376,0.98208,0.99448,0.66667,0.66333,0.6208,0.40869,0.28529,0.91314,0.00116303,0.00116303,0.00116303
190,590.356,0.60174,0.43062,0.9735,0.99502,0.66667,0.66333,0.61841,0.41836,0.32161,0.92175,0.00116162,0.00116162,0.00116162
191,593.583,0.53579,0.38491,0.95849,0.99532,0.66667,0.66333,0.63058,0.40859,0.31853,0.91244,0.00116021,0.00116021,0.00116021
192,596.777,0.55063,0.38309,0.97049,0.99551,0.66667,0.66333,0.62533,0.42101,0.2826,0.92074,0.00115879,0.00115879,0.00115879
193,600.021,0.57253,0.41479,0.97344,0.99463,0.66667,0.66333,0.60522,0.44305,0.26215,0.92857,0.00115738,0.00115738,0.00115738
194,603.14,0.59433,0.40322,1.00344,0.99519,0.66667,0.66333,0.61461,0.43151,0.29743,0.92568,0.00115596,0.00115596,0.00115596
195,606.32,0.5803,0.40483,0.97116,0.99568,0.66667,0.66333,0.611,0.44466,0.28781,0.93244,0.00115455,0.00115455,0.00115455
196,609.434,0.51445,0.37409,0.9551,0.99491,0.66667,0.66333,0.61813,0.42057,0.25944,0.92204,0.00115313,0.00115313,0.00115313
197,612.48,0.50036,0.37808,0.96239,0.99437,0.66667,0.66333,0.62227,0.42252,0.27147,0.92115,0.00115172,0.00115172,0.00115172
198,615.548,0.54261,0.39478,0.98236,0.9953,0.66667,0.66333,0.62242,0.41733,0.26197,0.91435,0.0011503,0.0011503,0.0011503
199,618.66,0.52298,0.38244,0.94283,0.99646,0.66667,0.66333,0.61982,0.43383,0.27596,0.92849,0.00114889,0.00114889,0.00114889
200,621.75,0.53803,0.38938,0.95838,0.9954,0.66667,0.66333,0.63131,0.41929,0.28687,0.92268,0.00114747,0.00114747,0.00114747
201,625.07,0.53893,0.3779,0.96703,0.99321,0.66667,0.66333,0.62368,0.40134,0.27981,0.91117,0.00114606,0.00114606,0.00114606
202,628.258,0.51754,0.37127,0.94327,0.99066,0.66667,0.66333,0.61789,0.39921,0.27659,0.91267,0.00114464,0.00114464,0.00114464
203,631.411,0.55075,0.38549,0.96856,0.99017,0.66667,0.66333,0.62717,0.40418,0.29237,0.92075,0.00114323,0.00114323,0.00114323
204,634.922,0.54491,0.39271,0.96961,0.9828,0.66667,0.66333,0.62143,0.39595,0.28428,0.91593,0.00114181,0.00114181,0.00114181
205,638.013,0.56822,0.39127,0.97806,0.99308,0.66667,0.66333,0.6169,0.43729,0.29821,0.9251,0.0011404,0.0011404,0.0011404
206,641.28,0.56531,0.40323,0.97335,0.99409,0.66667,0.66333,0.61099,0.4322,0.27994,0.91769,0.00113898,0.00113898,0.00113898
207,644.394,0.54825,0.39081,0.96771,0.99451,0.66667,0.66333,0.61193,0.46178,0.28609,0.931,0.00113757,0.00113757,0.00113757
208,647.538,0.54237,0.38419,0.9435,0.99428,0.66667,0.66333,0.60052,0.45318,0.2817,0.93709,0.00113616,0.00113616,0.00113616
209,650.6,0.53527,0.36062,0.93932,0.99404,0.66667,0.66333,0.61795,0.42435,0.26873,0.92374,0.00113474,0.00113474,0.00113474
210,653.634,0.55605,0.40902,0.97273,0.9933,0.66667,0.66333,0.6239,0.40141,0.27182,0.91319,0.00113333,0.00113333,0.00113333
211,656.611,0.52612,0.38068,0.95542,0.99467,0.66667,0.66333,0.62891,0.40473,0.25442,0.91033,0.00113191,0.00113191,0.00113191
212,659.705,0.5229,0.37843,0.93289,0.99211,0.66667,0.66333,0.62344,0.40234,0.272,0.90922,0.0011305,0.0011305,0.0011305
213,662.77,0.53911,0.38358,0.95945,0.99007,0.66667,0.66333,0.61733,0.4344,0.29694,0.92681,0.00112908,0.00112908,0.00112908
214,666.174,0.57122,0.42163,0.97819,0.99141,0.66667,0.66333,0.61277,0.46474,0.30552,0.94853,0.00112767,0.00112767,0.00112767
215,669.29,0.56187,0.37727,0.95995,0.9945,0.66667,0.66333,0.60885,0.44239,0.31594,0.92603,0.00112625,0.00112625,0.00112625
216,672.582,0.52891,0.37738,0.94705,0.99477,0.66667,0.66333,0.61537,0.43494,0.2985,0.92091,0.00112484,0.00112484,0.00112484
217,675.613,0.55694,0.37716,0.96988,0.99468,0.66667,0.66333,0.62767,0.40498,0.29487,0.91573,0.00112342,0.00112342,0.00112342
218,678.893,0.58186,0.4022,0.96635,0.99498,0.66667,0.66333,0.62236,0.41597,0.30058,0.91545,0.00112201,0.00112201,0.00112201
219,682.003,0.56286,0.38424,0.94765,0.99568,0.66667,0.66333,0.61926,0.41779,0.2924,0.91575,0.00112059,0.00112059,0.00112059
220,685.426,0.55625,0.37952,0.94783,0.9944,0.66667,0.66333,0.62255,0.40154,0.27786,0.91263,0.00111918,0.00111918,0.00111918
221,688.731,0.54322,0.3964,0.97425,0.99243,0.66667,0.66333,0.61747,0.42838,0.27608,0.9238,0.00111776,0.00111776,0.00111776
222,691.917,0.53059,0.36971,0.94547,0.99343,0.66667,0.66333,0.60901,0.46842,0.28048,0.92677,0.00111635,0.00111635,0.00111635
223,695.546,0.54945,0.38053,0.96152,0.99469,0.66667,0.66333,0.59907,0.48236,0.28439,0.93388,0.00111493,0.00111493,0.00111493
224,698.965,0.51107,0.35935,0.94697,0.99409,0.66667,0.66333,0.6108,0.42807,0.24948,0.93127,0.00111352,0.00111352,0.00111352
225,702.338,0.51904,0.37365,0.93201,0.99364,0.66667,0.66333,0.61349,0.42676,0.27909,0.91933,0.0011121,0.0011121,0.0011121
226,705.991,0.56834,0.40282,0.96479,0.99511,0.66667,0.66333,0.63195,0.39415,0.37448,0.90914,0.00111069,0.00111069,0.00111069
227,709.119,0.54864,0.38398,0.96024,0.99623,0.66667,0.66333,0.62134,0.41619,0.31228,0.92302,0.00110928,0.00110928,0.00110928
228,712.384,0.50689,0.36052,0.93501,0.99373,0.66667,0.66333,0.62282,0.42465,0.27223,0.92864,0.00110786,0.00110786,0.00110786
229,715.646,0.52668,0.38071,0.93864,0.99104,0.66667,0.66333,0.61477,0.4179,0.27243,0.9253,0.00110645,0.00110645,0.00110645
230,718.934,0.50545,0.38179,0.93198,0.99328,0.66667,0.66333,0.60037,0.42951,0.29562,0.92397,0.00110503,0.00110503,0.00110503
231,722.341,0.54513,0.3692,0.93588,0.99312,0.66667,0.66333,0.62058,0.40899,0.34905,0.91465,0.00110362,0.00110362,0.00110362
232,725.896,0.53301,0.38589,0.94492,0.99228,0.66667,0.66333,0.62826,0.40154,0.34036,0.92084,0.0011022,0.0011022,0.0011022
233,729.279,0.54174,0.38325,0.96665,0.98947,0.66667,0.66333,0.62545,0.41434,0.31791,0.92238,0.00110079,0.00110079,0.00110079
234,732.425,0.52937,0.38485,0.95028,0.98404,0.6662,0.66333,0.62919,0.41677,0.31274,0.91465,0.00109937,0.00109937,0.00109937
235,735.553,0.51435,0.3718,0.94508,0.98249,0.66562,0.66333,0.6122,0.43802,0.32882,0.9146,0.00109796,0.00109796,0.00109796
236,738.853,0.48898,0.35959,0.92559,0.99174,0.66667,0.66333,0.62341,0.41384,0.31082,0.91364,0.00109654,0.00109654,0.00109654
237,742.001,0.51963,0.37245,0.92558,0.99241,0.66667,0.66333,0.63621,0.41733,0.3104,0.91201,0.00109513,0.00109513,0.00109513
238,745.327,0.50988,0.3651,0.94807,0.98747,0.66667,0.66333,0.62474,0.39775,0.31372,0.906,0.00109371,0.00109371,0.00109371
239,748.418,0.54278,0.39011,0.96837,0.98621,0.66667,0.66333,0.62605,0.4076,0.32191,0.91386,0.0010923,0.0010923,0.0010923
240,751.7,0.49779,0.35864,0.92503,0.98932,0.66667,0.66333,0.60732,0.44691,0.30925,0.92957,0.00109088,0.00109088,0.00109088
241,754.787,0.51486,0.36102,0.93575,0.9943,0.66667,0.66333,0.61694,0.4443,0.28231,0.92328,0.00108947,0.00108947,0.00108947
242,758.431,0.52777,0.37361,0.96445,0.99525,0.66667,0.66333,0.60069,0.48062,0.28384,0.94834,0.00108805,0.00108805,0.00108805
243,761.833,0.5139,0.35978,0.94275,0.99476,0.66667,0.66333,0.60282,0.4476,0.28567,0.93784,0.00108664,0.00108664,0.00108664
244,764.94,0.52843,0.37403,0.9593,0.99487,0.66667,0.66333,0.61981,0.41236,0.26564,0.91432,0.00108523,0.00108523,0.00108523
245,768.053,0.54303,0.35941,0.93792,0.99491,0.66667,0.66333,0.62276,0.40957,0.26395,0.90913,0.00108381,0.00108381,0.00108381
246,771.269,0.54001,0.35685,0.95526,0.98878,0.66667,0.66333,0.62433,0.38915,0.26228,0.90103,0.0010824,0.0010824,0.0010824
247,774.495,0.52148,0.36234,0.95266,0.9935,0.66667,0.66333,0.63277,0.42032,0.32224,0.91511,0.00108098,0.00108098,0.00108098
248,777.727,0.53847,0.38326,0.95041,0.65018,0.66487,0.66333,0.61216,0.46131,0.36833,0.94373,0.00107957,0.00107957,0.00107957
249,780.805,0.57625,0.37294,0.97315,0.98761,0.6661,0.66333,0.59617,0.49707,0.33945,0.96358,0.00107815,0.00107815,0.00107815
250,783.943,0.54516,0.35308,0.95826,0.98677,0.66538,0.66333,0.61632,0.40129,0.30603,0.90803,0.00107674,0.00107674,0.00107674
251,787.026,0.56821,0.38516,0.95635,0.99082,0.66667,0.66333,0.6145,0.41663,0.29139,0.91063,0.00107532,0.00107532,0.00107532
252,790.21,0.53701,0.38887,0.94776,0.99404,0.66667,0.66333,0.6188,0.40278,0.30634,0.90834,0.00107391,0.00107391,0.00107391
253,793.239,0.51733,0.35604,0.94085,0.99453,0.66667,0.66333,0.61912,0.40031,0.28794,0.9065,0.00107249,0.00107249,0.00107249
254,796.365,0.49734,0.37136,0.94636,0.99523,0.66667,0.66333,0.61444,0.42844,0.28726,0.91846,0.00107108,0.00107108,0.00107108
255,799.717,0.50841,0.36329,0.94028,0.99397,0.66667,0.66333,0.61393,0.41415,0.29004,0.90625,0.00106966,0.00106966,0.00106966
256,803.138,0.50884,0.3777,0.9644,0.99301,0.66667,0.66333,0.61983,0.40037,0.26651,0.90103,0.00106825,0.00106825,0.00106825
257,806.369,0.47543,0.34017,0.91023,0.99002,0.66667,0.66333,0.62304,0.39598,0.27324,0.90327,0.00106683,0.00106683,0.00106683
258,809.639,0.482,0.35044,0.94176,0.98677,0.66667,0.66333,0.61204,0.42896,0.28214,0.91571,0.00106542,0.00106542,0.00106542
259,812.784,0.49382,0.34905,0.94646,0.98852,0.66667,0.66333,0.61458,0.42759,0.2834,0.91433,0.001064,0.001064,0.001064
260,816,0.49189,0.34692,0.9372,0.99513,0.66667,0.66333,0.61813,0.42733,0.26846,0.91551,0.00106259,0.00106259,0.00106259
261,819.485,0.50052,0.35754,0.91237,0.99464,0.66667,0.66333,0.62165,0.43284,0.26086,0.92972,0.00106118,0.00106118,0.00106118
262,822.552,0.53276,0.37288,0.95753,0.99399,0.66667,0.66333,0.61033,0.45651,0.31094,0.93635,0.00105976,0.00105976,0.00105976
263,825.673,0.4758,0.34362,0.9168,0.99623,0.66667,0.66333,0.62639,0.43216,0.2736,0.9265,0.00105835,0.00105835,0.00105835
264,828.784,0.49652,0.35221,0.93155,0.98949,0.66667,0.66333,0.61959,0.43118,0.28883,0.9266,0.00105693,0.00105693,0.00105693
265,831.929,0.49788,0.3447,0.92159,0.98798,0.66667,0.66333,0.61059,0.42832,0.29288,0.92571,0.00105552,0.00105552,0.00105552
266,835.224,0.5277,0.36246,0.96141,0.98904,0.66667,0.66333,0.62245,0.42151,0.2931,0.92113,0.0010541,0.0010541,0.0010541
267,838.333,0.51671,0.36673,0.94038,0.99239,0.66667,0.66333,0.62347,0.42656,0.27656,0.93842,0.00105269,0.00105269,0.00105269
268,841.558,0.49571,0.34714,0.92054,0.9939,0.66667,0.66333,0.62103,0.42036,0.2694,0.92117,0.00105127,0.00105127,0.00105127
269,844.637,0.49982,0.35287,0.92749,0.99332,0.66667,0.66333,0.6221,0.4078,0.26372,0.91726,0.00104986,0.00104986,0.00104986
270,848.129,0.50907,0.35021,0.93982,0.99363,0.66667,0.66333,0.62737,0.41943,0.2704,0.90815,0.00104844,0.00104844,0.00104844
271,851.428,0.51337,0.36056,0.93895,0.99547,0.66667,0.66333,0.61918,0.42538,0.26116,0.90605,0.00104703,0.00104703,0.00104703
272,854.584,0.47312,0.34155,0.92267,0.995,0.66667,0.66333,0.61167,0.47272,0.2739,0.93853,0.00104561,0.00104561,0.00104561
273,857.681,0.51551,0.34953,0.93959,0.99473,0.66667,0.66333,0.61453,0.47552,0.2866,0.9431,0.0010442,0.0010442,0.0010442
274,860.795,0.53856,0.3838,0.96141,0.99042,0.66667,0.66333,0.61772,0.42895,0.30167,0.92554,0.00104278,0.00104278,0.00104278
275,863.812,0.55122,0.37478,0.9593,0.65521,0.66667,0.66333,0.61502,0.43427,0.30247,0.91921,0.00104137,0.00104137,0.00104137
276,866.929,0.50651,0.34817,0.93339,0.98767,0.66667,0.66333,0.61285,0.4458,0.31044,0.93416,0.00103995,0.00103995,0.00103995
277,869.895,0.50355,0.34717,0.94933,0.98831,0.66667,0.66333,0.63306,0.37794,0.2842,0.90141,0.00103854,0.00103854,0.00103854
278,873.009,0.51644,0.35184,0.95861,0.98565,0.66667,0.66333,0.62198,0.39981,0.29665,0.89552,0.00103713,0.00103713,0.00103713
279,876.155,0.50503,0.37572,0.95308,0.98958,0.66667,0.66333,0.62373,0.41536,0.28447,0.90173,0.00103571,0.00103571,0.00103571
280,879.353,0.48834,0.34064,0.93615,0.98641,0.66667,0.66333,0.62545,0.38084,0.32625,0.89344,0.0010343,0.0010343,0.0010343
281,882.413,0.47808,0.33951,0.9423,0.99032,0.66667,0.66333,0.62153,0.39534,0.30947,0.90162,0.00103288,0.00103288,0.00103288
282,885.709,0.49499,0.35243,0.93653,0.99298,0.66667,0.66333,0.62301,0.41032,0.29503,0.91742,0.00103147,0.00103147,0.00103147
283,888.818,0.5076,0.36083,0.94401,0.99428,0.66667,0.66333,0.63266,0.39331,0.27877,0.91278,0.00103005,0.00103005,0.00103005
284,891.891,0.46216,0.33553,0.92371,0.99419,0.66667,0.66333,0.62467,0.43265,0.28904,0.92944,0.00102864,0.00102864,0.00102864
285,894.928,0.48989,0.3611,0.94285,0.9938,0.66667,0.66333,0.6188,0.44974,0.28695,0.92937,0.00102722,0.00102722,0.00102722
286,898.024,0.51884,0.36101,0.9479,0.99271,0.66667,0.66333,0.61991,0.43065,0.2927,0.91346,0.00102581,0.00102581,0.00102581
287,901.134,0.49943,0.34791,0.95624,0.99132,0.66667,0.6658,0.61301,0.46259,0.31354,0.92722,0.00102439,0.00102439,0.00102439
288,904.181,0.46968,0.33937,0.92947,0.98308,0.66667,0.66444,0.61869,0.40167,0.30871,0.90568,0.00102298,0.00102298,0.00102298
289,907.164,0.48246,0.33658,0.93782,0.65439,0.66667,0.66333,0.62619,0.39186,0.30652,0.90285,0.00102156,0.00102156,0.00102156
290,910.356,0.46012,0.33399,0.90911,0.98946,0.66667,0.66333,0.61196,0.47036,0.29021,0.93494,0.00102015,0.00102015,0.00102015
291,913.326,0.49403,0.34209,0.92007,0.9921,0.66667,0.66333,0.62358,0.4206,0.27678,0.91154,0.00101873,0.00101873,0.00101873
292,916.413,0.50228,0.34787,0.9295,0.98807,0.66667,0.66333,0.6386,0.36764,0.27975,0.89215,0.00101732,0.00101732,0.00101732
293,919.376,0.5033,0.33636,0.93027,0.98713,0.66667,0.66333,0.62647,0.41037,0.30925,0.91293,0.0010159,0.0010159,0.0010159
294,922.451,0.48695,0.33757,0.94273,0.9882,0.66667,0.66333,0.62536,0.42264,0.28253,0.93373,0.00101449,0.00101449,0.00101449
295,925.455,0.46603,0.33907,0.92133,0.98648,0.66667,0.66333,0.62149,0.40886,0.25284,0.93582,0.00101308,0.00101308,0.00101308
296,928.496,0.48344,0.34624,0.93598,0.98262,0.66578,0.66333,0.63109,0.39288,0.27837,0.91137,0.00101166,0.00101166,0.00101166
297,931.792,0.47426,0.33837,0.93722,0.98578,0.66661,0.66333,0.62154,0.40412,0.26216,0.91882,0.00101025,0.00101025,0.00101025
298,935.133,0.47869,0.32972,0.92932,0.99594,0.66667,0.66333,0.61426,0.43187,0.24931,0.93001,0.00100883,0.00100883,0.00100883
299,938.232,0.51278,0.35939,0.94513,0.99458,0.66667,0.66333,0.61724,0.44698,0.26273,0.92967,0.00100742,0.00100742,0.00100742
300,941.55,0.49192,0.35578,0.93651,0.99438,0.66667,0.66333,0.62149,0.4201,0.27205,0.91333,0.001006,0.001006,0.001006
301,944.731,0.50791,0.35998,0.94245,0.99497,0.66667,0.66333,0.62021,0.40531,0.25958,0.90359,0.00100459,0.00100459,0.00100459
302,947.778,0.47905,0.35055,0.95356,0.99529,0.66667,0.66333,0.6218,0.40467,0.26295,0.90506,0.00100317,0.00100317,0.00100317
303,950.859,0.46683,0.32486,0.92309,0.99257,0.66667,0.66333,0.62866,0.37744,0.25397,0.89604,0.00100176,0.00100176,0.00100176
304,954.016,0.44521,0.31919,0.91696,0.9835,0.66667,0.66333,0.62968,0.39889,0.2977,0.90493,0.00100034,0.00100034,0.00100034
305,957.189,0.48824,0.35646,0.9273,0.64823,0.6652,0.66333,0.62995,0.40475,0.31091,0.90656,0.000998928,0.000998928,0.000998928
306,960.288,0.48835,0.34689,0.93242,0.99838,0.66667,0.66333,0.62713,0.39209,0.2702,0.91744,0.000997513,0.000997513,0.000997513
307,963.539,0.4804,0.34044,0.92379,0.99554,0.66667,0.66333,0.62441,0.40027,0.258,0.91768,0.000996099,0.000996099,0.000996099
308,966.8,0.46786,0.32615,0.93004,0.9957,0.66667,0.66333,0.62372,0.40963,0.2527,0.90568,0.000994684,0.000994684,0.000994684
309,970.053,0.46287,0.34497,0.91029,0.99508,0.66667,0.66333,0.61559,0.41608,0.24446,0.9047,0.000993269,0.000993269,0.000993269
310,973.138,0.47381,0.3412,0.93676,0.994,0.66667,0.66333,0.61496,0.41873,0.27151,0.90176,0.000991855,0.000991855,0.000991855
311,976.236,0.45505,0.31306,0.90617,0.99322,0.66667,0.66333,0.6292,0.38694,0.26174,0.8897,0.00099044,0.00099044,0.00099044
312,979.314,0.45664,0.33519,0.92057,0.99184,0.66667,0.66333,0.63424,0.3802,0.26592,0.88946,0.000989025,0.000989025,0.000989025
313,982.524,0.44954,0.3253,0.89855,0.98733,0.66667,0.66333,0.63192,0.41319,0.29989,0.9027,0.00098761,0.00098761,0.00098761
314,985.742,0.48106,0.32529,0.92276,0.98888,0.66667,0.66333,0.62175,0.40815,0.28418,0.89847,0.000986196,0.000986196,0.000986196
315,989.073,0.44116,0.3136,0.92223,0.99064,0.66667,0.66333,0.61708,0.4023,0.26157,0.898,0.000984781,0.000984781,0.000984781
316,992.211,0.48382,0.33068,0.93872,0.9909,0.66667,0.66333,0.62384,0.43532,0.28633,0.92405,0.000983366,0.000983366,0.000983366
317,995.294,0.4646,0.31232,0.92315,0.98948,0.66667,0.66333,0.62326,0.39693,0.27148,0.90658,0.000981952,0.000981952,0.000981952
318,998.451,0.46504,0.33551,0.9157,0.98984,0.66667,0.66333,0.62787,0.4433,0.30836,0.92352,0.000980537,0.000980537,0.000980537
319,1001.49,0.46458,0.33385,0.93242,0.99167,0.66667,0.66333,0.62508,0.445,0.34638,0.91817,0.000979122,0.000979122,0.000979122
320,1004.53,0.44932,0.33231,0.91355,0.99184,0.66667,0.66333,0.61513,0.41127,0.2992,0.90823,0.000977708,0.000977708,0.000977708
321,1007.62,0.45254,0.32222,0.90875,0.99431,0.66667,0.66333,0.62489,0.38178,0.26101,0.8964,0.000976293,0.000976293,0.000976293
322,1010.71,0.46792,0.34129,0.94506,0.99412,0.66667,0.66333,0.62225,0.39015,0.25065,0.89632,0.000974878,0.000974878,0.000974878
323,1013.84,0.47384,0.32618,0.93627,0.99405,0.66667,0.66333,0.62553,0.40585,0.25146,0.89408,0.000973463,0.000973463,0.000973463
324,1017.12,0.4506,0.30897,0.92851,0.99501,0.66667,0.66333,0.62507,0.4068,0.24885,0.89836,0.000972049,0.000972049,0.000972049
325,1020.13,0.45173,0.31709,0.91347,0.99484,0.66667,0.66333,0.62663,0.38646,0.25501,0.8912,0.000970634,0.000970634,0.000970634
326,1023.34,0.44039,0.33552,0.9112,0.99414,0.66667,0.66333,0.6243,0.41163,0.23626,0.89696,0.000969219,0.000969219,0.000969219
327,1026.41,0.46773,0.34153,0.92845,0.99269,0.66667,0.66333,0.62769,0.41026,0.25873,0.90109,0.000967805,0.000967805,0.000967805
328,1029.92,0.46937,0.33846,0.91615,0.99152,0.66667,0.66333,0.61939,0.38758,0.28188,0.89143,0.00096639,0.00096639,0.00096639
329,1033.11,0.45754,0.32414,0.92632,0.99231,0.66667,0.66333,0.61874,0.40538,0.26546,0.89989,0.000964975,0.000964975,0.000964975
330,1036.46,0.48873,0.34097,0.94859,0.99142,0.66667,0.66333,0.62529,0.41856,0.25698,0.90729,0.00096356,0.00096356,0.00096356
331,1039.72,0.46155,0.32828,0.92511,0.98077,0.66667,0.66333,0.61937,0.40136,0.27699,0.89792,0.000962146,0.000962146,0.000962146
332,1043.07,0.46205,0.329,0.91691,0.63378,0.66667,0.66333,0.63834,0.38504,0.34158,0.88985,0.000960731,0.000960731,0.000960731
333,1046.62,0.45888,0.33603,0.92603,0.98945,0.66667,0.66333,0.62941,0.393,0.27315,0.89888,0.000959316,0.000959316,0.000959316
334,1050.38,0.47089,0.34653,0.92127,0.99472,0.66667,0.66333,0.61582,0.40718,0.25317,0.91034,0.000957902,0.000957902,0.000957902
335,1053.61,0.46296,0.31791,0.91443,0.99376,0.66667,0.66333,0.61674,0.40908,0.25387,0.919,0.000956487,0.000956487,0.000956487
336,1056.95,0.45112,0.31327,0.91215,0.9924,0.66667,0.66333,0.62375,0.44234,0.28347,0.92744,0.000955072,0.000955072,0.000955072
337,1060.3,0.44967,0.33561,0.93464,0.99327,0.66667,0.66333,0.6321,0.42084,0.26663,0.91442,0.000953657,0.000953657,0.000953657
338,1063.49,0.45138,0.31845,0.9169,0.99508,0.66667,0.66481,0.61432,0.4349,0.26979,0.92352,0.000952243,0.000952243,0.000952243
339,1066.77,0.47044,0.33669,0.93481,0.99839,0.66667,0.66333,0.61689,0.42454,0.27616,0.92403,0.000950828,0.000950828,0.000950828
340,1070.19,0.43412,0.3057,0.90651,0.99323,0.66667,0.66333,0.6231,0.39469,0.2686,0.89696,0.000949413,0.000949413,0.000949413
341,1073.56,0.46346,0.33326,0.91576,0.99328,0.66667,0.66333,0.62927,0.37388,0.24426,0.8958,0.000947999,0.000947999,0.000947999
342,1076.65,0.45321,0.32303,0.91637,0.99347,0.66667,0.66333,0.62929,0.3837,0.24354,0.90494,0.000946584,0.000946584,0.000946584
343,1079.77,0.4722,0.32583,0.92242,0.99364,0.66667,0.66333,0.6299,0.39641,0.23864,0.90241,0.000945169,0.000945169,0.000945169
344,1082.99,0.51514,0.35356,0.94433,0.99363,0.66667,0.66333,0.62409,0.40691,0.25975,0.90987,0.000943754,0.000943754,0.000943754
345,1086.12,0.45211,0.3251,0.90999,0.99361,0.66667,0.66333,0.62145,0.39777,0.25026,0.89753,0.00094234,0.00094234,0.00094234
346,1089.31,0.48812,0.33581,0.91207,0.99199,0.66667,0.66333,0.63019,0.38805,0.27325,0.89129,0.000940925,0.000940925,0.000940925
347,1092.75,0.46316,0.32903,0.93804,0.98755,0.66667,0.66333,0.63146,0.38547,0.26884,0.88966,0.00093951,0.00093951,0.00093951
348,1095.99,0.46262,0.34116,0.91161,0.98744,0.66667,0.66333,0.62359,0.41492,0.27854,0.90526,0.000938096,0.000938096,0.000938096
349,1099.43,0.45771,0.33335,0.92235,0.65229,0.66667,0.66333,0.61888,0.42211,0.29098,0.90766,0.000936681,0.000936681,0.000936681
350,1102.94,0.44397,0.33276,0.90968,0.98418,0.66667,0.66333,0.63604,0.38606,0.31651,0.88814,0.000935266,0.000935266,0.000935266
351,1106.45,0.43643,0.31295,0.92524,0.98638,0.66667,0.66333,0.63085,0.39135,0.31625,0.89475,0.000933851,0.000933851,0.000933851
352,1109.66,0.44911,0.32255,0.93613,0.98552,0.6659,0.66333,0.62512,0.4147,0.30944,0.90868,0.000932437,0.000932437,0.000932437
353,1113.07,0.45824,0.31642,0.90912,0.9849,0.66541,0.66333,0.63517,0.39405,0.27932,0.9013,0.000931022,0.000931022,0.000931022
354,1116.35,0.44385,0.31148,0.90405,0.98879,0.66667,0.66333,0.63384,0.41049,0.28461,0.90694,0.000929607,0.000929607,0.000929607
355,1119.63,0.43149,0.31434,0.89601,0.99082,0.66667,0.66333,0.62078,0.40744,0.26716,0.90448,0.000928193,0.000928193,0.000928193
356,1122.91,0.42804,0.30691,0.91861,0.98327,0.66667,0.66333,0.62678,0.42199,0.31424,0.90739,0.000926778,0.000926778,0.000926778
357,1126.08,0.4199,0.29071,0.89574,0.98367,0.66652,0.66333,0.63228,0.40397,0.3243,0.89779,0.000925363,0.000925363,0.000925363
358,1129.43,0.45316,0.31491,0.90778,0.65186,0.66667,0.66333,0.6267,0.41342,0.32771,0.89376,0.000923949,0.000923949,0.000923949
359,1132.53,0.45592,0.3298,0.92425,0.98394,0.66667,0.66333,0.62541,0.39229,0.30207,0.8877,0.000922534,0.000922534,0.000922534
360,1135.93,0.42975,0.30558,0.9104,0.97971,0.66667,0.66333,0.62461,0.40369,0.30628,0.89253,0.000921119,0.000921119,0.000921119
361,1138.97,0.44419,0.32067,0.90586,0.98718,0.66667,0.66333,0.62808,0.4227,0.28815,0.9055,0.000919704,0.000919704,0.000919704
362,1142.27,0.45795,0.30141,0.90863,0.99232,0.66667,0.66333,0.6138,0.43705,0.2676,0.91451,0.00091829,0.00091829,0.00091829
363,1145.62,0.44637,0.32577,0.91201,0.99378,0.66667,0.66333,0.6243,0.4238,0.27477,0.90724,0.000916875,0.000916875,0.000916875
364,1148.76,0.47201,0.3496,0.91889,0.99289,0.66667,0.66333,0.62648,0.42786,0.27241,0.91456,0.00091546,0.00091546,0.00091546
365,1151.92,0.45063,0.32855,0.91394,0.98831,0.66667,0.66333,0.61969,0.41979,0.28505,0.91227,0.000914046,0.000914046,0.000914046
366,1155.14,0.43437,0.31535,0.91301,0.96972,0.66667,0.66333,0.62546,0.39753,0.36997,0.89658,0.000912631,0.000912631,0.000912631
367,1158.47,0.44636,0.31485,0.91091,0.9689,0.66667,0.66333,0.63654,0.38726,0.35327,0.88925,0.000911216,0.000911216,0.000911216
368,1161.65,0.43296,0.32089,0.91388,0.97837,0.66667,0.66333,0.62746,0.38016,0.30152,0.88474,0.000909801,0.000909801,0.000909801
369,1164.74,0.45278,0.32122,0.93506,0.98558,0.66667,0.66333,0.62166,0.43203,0.30931,0.90627,0.000908387,0.000908387,0.000908387
370,1168.11,0.45985,0.32072,0.93714,0.98987,0.66667,0.66333,0.62917,0.38281,0.26813,0.89169,0.000906972,0.000906972,0.000906972
371,1171.63,0.43261,0.31632,0.89563,0.99203,0.66667,0.66333,0.63053,0.37624,0.26132,0.89177,0.000905557,0.000905557,0.000905557
372,1174.71,0.4636,0.32183,0.92393,0.99405,0.66667,0.66333,0.61974,0.42098,0.26058,0.90761,0.000904143,0.000904143,0.000904143
373,1177.84,0.46284,0.32665,0.90793,0.99399,0.66667,0.66333,0.62328,0.40167,0.24868,0.89786,0.000902728,0.000902728,0.000902728
374,1181.12,0.44185,0.31455,0.88891,0.99215,0.66667,0.66333,0.63635,0.3836,0.2613,0.89192,0.000901313,0.000901313,0.000901313
375,1184.24,0.46888,0.33247,0.94526,0.99103,0.66667,0.66333,0.63136,0.40911,0.26409,0.89912,0.000899898,0.000899898,0.000899898
376,1187.59,0.44103,0.31619,0.90562,0.99097,0.66667,0.66333,0.63705,0.38737,0.25627,0.89224,0.000898484,0.000898484,0.000898484
377,1190.78,0.43582,0.30759,0.93105,0.99069,0.66667,0.66333,0.63793,0.36669,0.27044,0.88748,0.000897069,0.000897069,0.000897069
378,1193.93,0.43544,0.30994,0.91749,0.98783,0.66667,0.66333,0.6446,0.36145,0.27217,0.88156,0.000895654,0.000895654,0.000895654
379,1197.09,0.43291,0.31062,0.92832,0.98736,0.66667,0.66333,0.63945,0.37225,0.28456,0.88022,0.00089424,0.00089424,0.00089424
380,1200.26,0.43416,0.31078,0.91842,0.98398,0.66667,0.66333,0.63024,0.38416,0.27691,0.89831,0.000892825,0.000892825,0.000892825
381,1203.55,0.44242,0.32754,0.90947,0.98737,0.66667,0.66333,0.62808,0.39054,0.28333,0.89196,0.00089141,0.00089141,0.00089141
382,1206.67,0.44459,0.31214,0.90675,0.9915,0.66667,0.66333,0.62461,0.39939,0.29572,0.89708,0.000889995,0.000889995,0.000889995
383,1209.82,0.43769,0.32501,0.9144,0.99249,0.66667,0.66333,0.62201,0.39741,0.28795,0.89832,0.000888581,0.000888581,0.000888581
384,1212.97,0.45986,0.32591,0.92235,0.99181,0.66667,0.66333,0.6319,0.40734,0.30122,0.90079,0.000887166,0.000887166,0.000887166
385,1216.36,0.47165,0.32883,0.92019,0.99151,0.66667,0.66333,0.62433,0.41438,0.29797,0.90327,0.000885751,0.000885751,0.000885751
386,1219.83,0.45799,0.30953,0.92046,0.99092,0.66667,0.66333,0.62501,0.38863,0.29663,0.89414,0.000884337,0.000884337,0.000884337
387,1223.27,0.48297,0.35746,0.9305,0.98832,0.66667,0.66333,0.62403,0.38665,0.29812,0.89222,0.000882922,0.000882922,0.000882922
388,1226.4,0.43893,0.31263,0.90989,0.9748,0.66667,0.66333,0.62133,0.39589,0.32931,0.89601,0.000881507,0.000881507,0.000881507
389,1229.7,0.43284,0.30911,0.91145,0.97256,0.66667,0.66333,0.62997,0.38404,0.32737,0.88589,0.000880093,0.000880093,0.000880093
390,1233.38,0.46227,0.32546,0.92546,0.97449,0.66667,0.66333,0.62426,0.37995,0.30693,0.88785,0.000878678,0.000878678,0.000878678
391,1236.58,0.44018,0.30196,0.91244,0.98187,0.66667,0.66333,0.63211,0.37822,0.29982,0.8886,0.000877263,0.000877263,0.000877263
392,1239.7,0.39858,0.28511,0.89068,0.98503,0.66667,0.66333,0.61971,0.40307,0.2646,0.90384,0.000875848,0.000875848,0.000875848
393,1242.83,0.42305,0.29941,0.89894,0.98856,0.66667,0.66333,0.61966,0.42105,0.24837,0.92009,0.000874434,0.000874434,0.000874434
394,1246.35,0.43294,0.31579,0.91882,0.98838,0.66667,0.66333,0.62366,0.41466,0.2438,0.92047,0.000873019,0.000873019,0.000873019
395,1249.64,0.42795,0.30487,0.91006,0.97891,0.66445,0.66333,0.63204,0.39879,0.27791,0.9038,0.000871604,0.000871604,0.000871604
396,1253.12,0.43482,0.30049,0.92023,0.64201,0.66371,0.66333,0.62357,0.37834,0.3119,0.88555,0.00087019,0.00087019,0.00087019
397,1256.32,0.40261,0.29739,0.89913,0.64335,0.6643,0.66333,0.62014,0.40042,0.30121,0.89758,0.000868775,0.000868775,0.000868775
398,1259.51,0.42005,0.28818,0.89566,0.99042,0.66667,0.66333,0.61258,0.4599,0.25721,0.93009,0.00086736,0.00086736,0.00086736
399,1262.99,0.42913,0.30317,0.90889,0.99146,0.66667,0.66333,0.59799,0.54495,0.2671,0.98493,0.000865945,0.000865945,0.000865945
400,1266.52,0.43687,0.30338,0.91231,0.98067,0.66453,0.66333,0.62744,0.38859,0.28638,0.89108,0.000864531,0.000864531,0.000864531
401,1270.04,0.44265,0.32011,0.91413,0.98525,0.66473,0.66333,0.62851,0.35152,0.26647,0.88058,0.000863116,0.000863116,0.000863116
402,1273.55,0.40362,0.28098,0.88842,0.99237,0.66667,0.66333,0.63382,0.35777,0.23569,0.8873,0.000861701,0.000861701,0.000861701
403,1277.01,0.4446,0.29707,0.90908,0.9941,0.66667,0.66333,0.63102,0.36869,0.23087,0.89492,0.000860287,0.000860287,0.000860287
404,1280.55,0.42045,0.30502,0.89991,0.99474,0.66667,0.66333,0.62912,0.39119,0.24145,0.89873,0.000858872,0.000858872,0.000858872
405,1283.85,0.42224,0.31321,0.89188,0.99348,0.66667,0.66333,0.62976,0.35946,0.22856,0.8857,0.000857457,0.000857457,0.000857457
406,1287.02,0.45765,0.31626,0.92055,0.9915,0.66667,0.66333,0.6458,0.35041,0.24233,0.88134,0.000856042,0.000856042,0.000856042
407,1290.28,0.44563,0.3363,0.90225,0.99115,0.66667,0.66333,0.64569,0.35311,0.25201,0.88323,0.000854628,0.000854628,0.000854628
408,1293.58,0.43194,0.30542,0.90588,0.98914,0.66667,0.66333,0.64183,0.36897,0.26638,0.89004,0.000853213,0.000853213,0.000853213
409,1297.23,0.44407,0.30728,0.91144,0.99078,0.66667,0.66333,0.6421,0.37151,0.25003,0.88847,0.000851798,0.000851798,0.000851798
410,1300.96,0.41453,0.29303,0.90368,0.99112,0.66667,0.66333,0.63432,0.40184,0.24296,0.89727,0.000850384,0.000850384,0.000850384
411,1304.3,0.40641,0.28382,0.89829,0.99054,0.66667,0.66333,0.6382,0.3869,0.24639,0.88722,0.000848969,0.000848969,0.000848969
412,1307.78,0.42202,0.29311,0.89934,0.9897,0.66667,0.66333,0.63007,0.37745,0.2522,0.87926,0.000847554,0.000847554,0.000847554
413,1311.36,0.42849,0.31415,0.9147,0.99013,0.66667,0.66333,0.63188,0.38489,0.2558,0.883,0.000846139,0.000846139,0.000846139
414,1315.05,0.42549,0.29624,0.9018,0.98961,0.66667,0.66333,0.62709,0.36157,0.24029,0.88085,0.000844725,0.000844725,0.000844725
415,1318.85,0.4024,0.28989,0.88472,0.99124,0.66667,0.66333,0.62762,0.35867,0.22877,0.88252,0.00084331,0.00084331,0.00084331
416,1322.49,0.41238,0.29591,0.91666,0.99266,0.66667,0.66333,0.62099,0.3828,0.22569,0.89513,0.000841895,0.000841895,0.000841895
417,1325.94,0.45095,0.32498,0.92123,0.99369,0.66667,0.66333,0.62971,0.39082,0.23575,0.89408,0.000840481,0.000840481,0.000840481
418,1329.35,0.42557,0.29027,0.92577,0.99286,0.66667,0.66333,0.62943,0.39558,0.2377,0.89303,0.000839066,0.000839066,0.000839066
419,1332.59,0.43829,0.31797,0.90982,0.9929,0.66667,0.66333,0.62404,0.40238,0.24682,0.89431,0.000837651,0.000837651,0.000837651
420,1336.25,0.42044,0.31643,0.91376,0.9931,0.66667,0.66333,0.61509,0.39956,0.25241,0.89583,0.000836237,0.000836237,0.000836237
421,1339.55,0.4322,0.30329,0.91403,0.99093,0.66667,0.66333,0.62419,0.39545,0.25704,0.89023,0.000834822,0.000834822,0.000834822
422,1343.01,0.42837,0.30675,0.91342,0.64293,0.66279,0.66333,0.63906,0.36105,0.30253,0.87615,0.000833407,0.000833407,0.000833407
423,1346.37,0.43572,0.31175,0.90224,0.64384,0.63344,0.66083,0.63608,0.34116,0.36275,0.87337,0.000831992,0.000831992,0.000831992
424,1349.64,0.3925,0.27582,0.89425,0.58577,0.65243,0.6511,0.61997,0.35586,0.38612,0.88086,0.000830578,0.000830578,0.000830578
425,1352.83,0.3881,0.27821,0.89082,0.91997,0.66667,0.65326,0.62731,0.33836,0.34023,0.87395,0.000829163,0.000829163,0.000829163
426,1356.18,0.44126,0.31651,0.91849,0.95294,0.66667,0.65833,0.62727,0.34888,0.27062,0.87409,0.000827748,0.000827748,0.000827748
427,1359.53,0.40875,0.29571,0.90282,0.98568,0.63636,0.66083,0.6381,0.35801,0.25775,0.87581,0.000826334,0.000826334,0.000826334
428,1362.95,0.42086,0.32268,0.89637,0.98793,0.66667,0.66333,0.62899,0.37181,0.2523,0.87926,0.000824919,0.000824919,0.000824919
429,1366,0.41853,0.29736,0.89958,0.98872,0.66667,0.66333,0.62296,0.37896,0.25041,0.88239,0.000823504,0.000823504,0.000823504
430,1369.18,0.41663,0.30316,0.89887,0.98588,0.66667,0.66333,0.6207,0.38231,0.24795,0.89008,0.000822089,0.000822089,0.000822089
431,1372.26,0.41297,0.29803,0.91133,0.99146,0.66667,0.66333,0.63039,0.38161,0.23436,0.89551,0.000820675,0.000820675,0.000820675
432,1375.65,0.42504,0.28973,0.90196,0.99333,0.66667,0.66333,0.63125,0.38202,0.22107,0.89355,0.00081926,0.00081926,0.00081926
433,1379.05,0.41361,0.29107,0.9102,0.98995,0.66667,0.66333,0.62549,0.36744,0.24337,0.88589,0.000817845,0.000817845,0.000817845
434,1382.17,0.41967,0.29838,0.9086,0.98642,0.66667,0.66333,0.62467,0.40361,0.27775,0.90348,0.000816431,0.000816431,0.000816431
435,1385.2,0.38142,0.273,0.8959,0.9881,0.66667,0.66333,0.62993,0.42171,0.29,0.90897,0.000815016,0.000815016,0.000815016
436,1388.63,0.42677,0.29578,0.89465,0.99078,0.66667,0.66333,0.63257,0.39734,0.26439,0.89885,0.000813601,0.000813601,0.000813601
437,1391.93,0.42525,0.30934,0.90736,0.99249,0.66667,0.66333,0.6348,0.37064,0.26413,0.8869,0.000812186,0.000812186,0.000812186
438,1395.2,0.42792,0.28719,0.89426,0.99249,0.66667,0.66333,0.62798,0.38748,0.2647,0.89461,0.000810772,0.000810772,0.000810772
439,1398.28,0.39091,0.28459,0.89394,0.99192,0.66667,0.66333,0.64032,0.36843,0.25767,0.88691,0.000809357,0.000809357,0.000809357
440,1401.36,0.43204,0.30031,0.93378,0.98599,0.66667,0.66333,0.63853,0.36211,0.278,0.88325,0.000807942,0.000807942,0.000807942
441,1404.64,0.41312,0.29335,0.90218,0.98524,0.66667,0.66333,0.6378,0.3638,0.28245,0.88314,0.000806528,0.000806528,0.000806528
442,1407.82,0.4093,0.2996,0.90018,0.98679,0.66667,0.66333,0.63361,0.35035,0.26661,0.88081,0.000805113,0.000805113,0.000805113
443,1410.87,0.41035,0.29541,0.89586,0.98283,0.66667,0.66333,0.6301,0.35823,0.27862,0.88016,0.000803698,0.000803698,0.000803698
444,1414.28,0.4436,0.31521,0.91667,0.64398,0.66382,0.66333,0.63137,0.33732,0.30615,0.87696,0.000802283,0.000802283,0.000802283
445,1417.38,0.4068,0.29005,0.90301,0.64257,0.66217,0.66333,0.6355,0.34535,0.28972,0.87987,0.000800869,0.000800869,0.000800869
446,1420.43,0.41118,0.29105,0.90045,0.98324,0.63636,0.66083,0.63608,0.33103,0.32829,0.87279,0.000799454,0.000799454,0.000799454
447,1423.73,0.42049,0.30565,0.90988,0.9807,0.63495,0.66083,0.63849,0.35413,0.32853,0.8786,0.000798039,0.000798039,0.000798039
448,1426.82,0.4187,0.30837,0.90761,0.97613,0.66132,0.66333,0.6311,0.36955,0.28872,0.88274,0.000796625,0.000796625,0.000796625
449,1429.89,0.39511,0.28448,0.88906,0.97379,0.65037,0.66333,0.63182,0.37424,0.35137,0.88191,0.00079521,0.00079521,0.00079521
450,1432.98,0.42183,0.29805,0.90963,0.97625,0.66421,0.66333,0.6301,0.37802,0.31157,0.88472,0.000793795,0.000793795,0.000793795
451,1436.05,0.40564,0.27651,0.91374,0.98326,0.66667,0.66333,0.6328,0.39004,0.27643,0.89426,0.00079238,0.00079238,0.00079238
452,1439.25,0.4112,0.29311,0.9094,0.99376,0.66667,0.66333,0.62369,0.40207,0.24763,0.89995,0.000790966,0.000790966,0.000790966
453,1442.48,0.44205,0.30174,0.93184,0.99419,0.66667,0.66333,0.62961,0.39892,0.24601,0.89922,0.000789551,0.000789551,0.000789551
454,1445.55,0.45049,0.30775,0.90872,0.99207,0.66667,0.66333,0.62812,0.38257,0.27419,0.88907,0.000788136,0.000788136,0.000788136
455,1448.63,0.40671,0.29526,0.89637,0.98662,0.66667,0.66333,0.63195,0.38547,0.29373,0.89249,0.000786722,0.000786722,0.000786722
456,1451.99,0.41497,0.30694,0.91493,0.98631,0.66667,0.66333,0.63748,0.36118,0.27519,0.88054,0.000785307,0.000785307,0.000785307
457,1455.23,0.42012,0.28396,0.90596,0.98873,0.66667,0.66333,0.63687,0.36353,0.2559,0.88647,0.000783892,0.000783892,0.000783892
458,1458.48,0.40358,0.28615,0.88706,0.99271,0.66667,0.66333,0.63486,0.38576,0.23184,0.89515,0.000782478,0.000782478,0.000782478
459,1461.62,0.39229,0.28184,0.89586,0.9938,0.66667,0.66333,0.63803,0.3704,0.23522,0.8903,0.000781063,0.000781063,0.000781063
460,1464.83,0.41997,0.28472,0.89024,0.9922,0.66667,0.66333,0.62997,0.37929,0.2406,0.89742,0.000779648,0.000779648,0.000779648
461,1468.12,0.43589,0.29965,0.89445,0.99189,0.66667,0.66333,0.62618,0.38728,0.23996,0.89588,0.000778233,0.000778233,0.000778233
462,1471.35,0.41385,0.27553,0.8854,0.9931,0.66667,0.66333,0.61821,0.38456,0.25803,0.89094,0.000776819,0.000776819,0.000776819
463,1474.41,0.41774,0.29122,0.90774,0.99262,0.66667,0.66333,0.6269,0.36915,0.25073,0.8858,0.000775404,0.000775404,0.000775404
464,1477.52,0.37302,0.27056,0.896,0.9888,0.66667,0.66333,0.62139,0.37128,0.25273,0.8892,0.000773989,0.000773989,0.000773989
465,1480.74,0.41005,0.29273,0.9025,0.98357,0.66667,0.66333,0.62107,0.39149,0.27745,0.89245,0.000772575,0.000772575,0.000772575
466,1483.85,0.40285,0.28907,0.9025,0.96859,0.66667,0.66333,0.64581,0.3637,0.30522,0.88609,0.00077116,0.00077116,0.00077116
467,1486.91,0.39245,0.28211,0.893,0.63873,0.66667,0.66333,0.63726,0.35867,0.3127,0.88378,0.000769745,0.000769745,0.000769745
468,1490.16,0.37741,0.27534,0.87453,0.64246,0.66667,0.66333,0.63409,0.35485,0.31447,0.88391,0.00076833,0.00076833,0.00076833
469,1493.53,0.38473,0.27204,0.8942,0.64204,0.66667,0.66333,0.63084,0.3546,0.28091,0.88433,0.000766916,0.000766916,0.000766916
470,1496.75,0.41214,0.29532,0.9085,0.98536,0.66667,0.66333,0.63043,0.37867,0.26906,0.8842,0.000765501,0.000765501,0.000765501
471,1500.14,0.39146,0.27636,0.87772,0.98908,0.66667,0.66333,0.62727,0.38959,0.25706,0.89124,0.000764086,0.000764086,0.000764086
472,1503.67,0.40477,0.28372,0.90325,0.98848,0.66667,0.66333,0.63347,0.38834,0.25946,0.89563,0.000762672,0.000762672,0.000762672
473,1506.85,0.37075,0.2705,0.88852,0.99147,0.66667,0.66333,0.64409,0.37679,0.24578,0.89234,0.000761257,0.000761257,0.000761257
474,1510.08,0.39183,0.27818,0.88296,0.99304,0.66667,0.66333,0.63181,0.37924,0.23663,0.89854,0.000759842,0.000759842,0.000759842
475,1513.53,0.39252,0.28846,0.89412,0.9933,0.66667,0.66333,0.62759,0.37676,0.22944,0.89736,0.000758427,0.000758427,0.000758427
476,1517.23,0.40128,0.28989,0.89182,0.99109,0.66667,0.66333,0.62795,0.38361,0.24686,0.89944,0.000757013,0.000757013,0.000757013
477,1520.41,0.39748,0.28968,0.89679,0.99223,0.66667,0.66333,0.62637,0.39792,0.24166,0.90419,0.000755598,0.000755598,0.000755598
478,1523.53,0.39457,0.28454,0.89615,0.99486,0.66667,0.66333,0.63071,0.38766,0.23748,0.9062,0.000754183,0.000754183,0.000754183
479,1526.59,0.39572,0.28636,0.8934,0.99492,0.66667,0.66333,0.62621,0.36685,0.21576,0.89701,0.000752769,0.000752769,0.000752769
480,1529.99,0.37236,0.27069,0.90059,0.995,0.66667,0.66333,0.62574,0.38354,0.22827,0.89317,0.000751354,0.000751354,0.000751354
481,1533.21,0.42684,0.28765,0.91188,0.99528,0.66667,0.66333,0.6312,0.38614,0.2491,0.89138,0.000749939,0.000749939,0.000749939
482,1536.38,0.41868,0.29727,0.9067,0.99491,0.66667,0.66333,0.63231,0.37677,0.24252,0.88739,0.000748524,0.000748524,0.000748524
483,1539.73,0.42019,0.28621,0.90755,0.99312,0.66667,0.66333,0.62294,0.37327,0.25003,0.88778,0.00074711,0.00074711,0.00074711
484,1543.13,0.41475,0.29065,0.89952,0.98487,0.66565,0.66333,0.62614,0.3837,0.27486,0.89295,0.000745695,0.000745695,0.000745695
485,1546.45,0.41172,0.30422,0.91097,0.6452,0.66435,0.66333,0.63355,0.35275,0.29017,0.87234,0.00074428,0.00074428,0.00074428
486,1549.64,0.39978,0.28224,0.90485,0.97956,0.66667,0.66333,0.63415,0.3532,0.30187,0.87371,0.000742866,0.000742866,0.000742866
487,1553.32,0.38385,0.28371,0.88483,0.98524,0.66667,0.66333,0.63382,0.35171,0.28642,0.87281,0.000741451,0.000741451,0.000741451
488,1556.58,0.39104,0.29213,0.9149,0.64485,0.66667,0.66333,0.63144,0.33375,0.27696,0.8697,0.000740036,0.000740036,0.000740036
489,1559.89,0.37456,0.28289,0.89403,0.64328,0.66667,0.66333,0.63334,0.33376,0.2883,0.8662,0.000738622,0.000738622,0.000738622
490,1563.05,0.37267,0.2763,0.8825,0.98819,0.66667,0.66333,0.63299,0.3445,0.25399,0.87653,0.000737207,0.000737207,0.000737207
491,1566.28,0.39226,0.27162,0.89131,0.99405,0.66667,0.66333,0.6363,0.36966,0.23745,0.88746,0.000735792,0.000735792,0.000735792
492,1569.63,0.38977,0.28921,0.89274,0.99561,0.66667,0.66333,0.63128,0.37782,0.22383,0.88575,0.000734377,0.000734377,0.000734377
493,1572.77,0.38815,0.26379,0.90318,0.99542,0.66667,0.66333,0.63689,0.37007,0.22356,0.88599,0.000732963,0.000732963,0.000732963
494,1575.83,0.39569,0.27991,0.89316,0.99429,0.66667,0.66333,0.62627,0.37084,0.23786,0.8885,0.000731548,0.000731548,0.000731548
495,1579.08,0.38978,0.28862,0.89842,0.98991,0.66667,0.66903,0.62661,0.36466,0.25471,0.88161,0.000730133,0.000730133,0.000730133
496,1582.43,0.3572,0.25749,0.87348,0.96769,0.66667,0.66747,0.63925,0.34539,0.25991,0.87192,0.000728719,0.000728719,0.000728719
497,1585.49,0.39581,0.28053,0.89235,0.63839,0.66667,0.66665,0.64789,0.34688,0.28077,0.87279,0.000727304,0.000727304,0.000727304
498,1588.58,0.41703,0.29643,0.90671,0.63955,0.66667,0.66333,0.63833,0.3432,0.32709,0.86891,0.000725889,0.000725889,0.000725889
499,1591.68,0.3817,0.26982,0.88375,0.64159,0.66667,0.66333,0.63547,0.35647,0.3188,0.87356,0.000724474,0.000724474,0.000724474
500,1594.94,0.38561,0.26927,0.89155,0.9793,0.66667,0.66333,0.62556,0.35768,0.29047,0.875,0.00072306,0.00072306,0.00072306
501,1598.04,0.38881,0.28165,0.88064,0.98463,0.66667,0.66333,0.62912,0.36645,0.28101,0.87521,0.000721645,0.000721645,0.000721645
502,1601.24,0.39102,0.27218,0.89122,0.98174,0.66667,0.66333,0.63803,0.3568,0.28608,0.87738,0.00072023,0.00072023,0.00072023
503,1604.31,0.39159,0.27475,0.89237,0.97974,0.66667,0.66333,0.63268,0.35042,0.27232,0.8747,0.000718816,0.000718816,0.000718816
504,1607.43,0.38805,0.26984,0.89031,0.97599,0.66598,0.66333,0.63679,0.33806,0.29645,0.86789,0.000717401,0.000717401,0.000717401
505,1610.51,0.38576,0.27896,0.89625,0.64187,0.66258,0.66333,0.63593,0.35102,0.30907,0.87317,0.000715986,0.000715986,0.000715986
506,1613.74,0.42807,0.2833,0.90674,0.97585,0.66343,0.66333,0.63427,0.34132,0.30618,0.8705,0.000714571,0.000714571,0.000714571
507,1616.84,0.40234,0.28281,0.88336,0.98086,0.66667,0.66333,0.63544,0.35709,0.27893,0.87544,0.000713157,0.000713157,0.000713157
508,1620.12,0.41119,0.2831,0.88554,0.98586,0.66667,0.66333,0.62386,0.34637,0.24783,0.87565,0.000711742,0.000711742,0.000711742
509,1623.34,0.37804,0.26349,0.89219,0.98839,0.66667,0.66333,0.6328,0.33443,0.23312,0.86954,0.000710327,0.000710327,0.000710327
510,1626.65,0.38219,0.26943,0.88688,0.99137,0.66667,0.66333,0.62742,0.34695,0.21099,0.86563,0.000708913,0.000708913,0.000708913
511,1629.91,0.39143,0.28686,0.90386,0.99119,0.66667,0.66333,0.62703,0.35799,0.22279,0.87019,0.000707498,0.000707498,0.000707498
512,1633.09,0.3836,0.27301,0.89293,0.99028,0.66667,0.66333,0.62637,0.35539,0.23718,0.87201,0.000706083,0.000706083,0.000706083
513,1636.33,0.36554,0.27212,0.88475,0.99103,0.66667,0.66333,0.62911,0.35449,0.24913,0.8751,0.000704668,0.000704668,0.000704668
514,1639.59,0.38381,0.28076,0.89177,0.98926,0.66667,0.66333,0.63131,0.37429,0.24943,0.8844,0.000703254,0.000703254,0.000703254
515,1642.83,0.37114,0.27557,0.88949,0.65175,0.66667,0.66333,0.63667,0.37608,0.27781,0.88187,0.000701839,0.000701839,0.000701839
516,1646.51,0.36758,0.26631,0.88821,0.64184,0.66667,0.66333,0.63105,0.37354,0.30043,0.8762,0.000700424,0.000700424,0.000700424
517,1649.78,0.39004,0.28168,0.90623,0.64339,0.66667,0.66333,0.63078,0.37641,0.28694,0.87628,0.00069901,0.00069901,0.00069901
518,1653.3,0.3938,0.26924,0.89882,0.98785,0.66667,0.66333,0.63614,0.36425,0.26214,0.87199,0.000697595,0.000697595,0.000697595
519,1656.63,0.40056,0.28648,0.90664,0.99316,0.66667,0.66333,0.63442,0.35678,0.25398,0.87337,0.00069618,0.00069618,0.00069618
520,1660.55,0.37412,0.27972,0.89448,0.99305,0.66667,0.66333,0.63662,0.36123,0.23717,0.8728,0.000694766,0.000694766,0.000694766
521,1664.28,0.36906,0.26327,0.8851,0.99341,0.66667,0.66333,0.6381,0.36264,0.22567,0.87405,0.000693351,0.000693351,0.000693351
522,1667.85,0.37791,0.26892,0.88836,0.99408,0.66667,0.66333,0.62842,0.38342,0.2397,0.88107,0.000691936,0.000691936,0.000691936
523,1671.44,0.37325,0.26963,0.89232,0.99387,0.66667,0.66333,0.62118,0.3953,0.22581,0.88538,0.000690521,0.000690521,0.000690521
524,1674.71,0.3638,0.27121,0.88399,0.9921,0.66667,0.66333,0.62528,0.38858,0.21993,0.88424,0.000689107,0.000689107,0.000689107
525,1677.79,0.38142,0.26968,0.8963,0.9887,0.66667,0.66333,0.6194,0.38199,0.24708,0.8828,0.000687692,0.000687692,0.000687692
526,1681.13,0.40027,0.28172,0.89704,0.64512,0.66593,0.66333,0.63674,0.35993,0.29886,0.87547,0.000686277,0.000686277,0.000686277
527,1684.51,0.40647,0.28402,0.90139,0.64319,0.66543,0.66333,0.62749,0.35872,0.30742,0.87544,0.000684863,0.000684863,0.000684863
528,1687.6,0.36865,0.2602,0.86872,0.64064,0.66667,0.66333,0.62942,0.36838,0.31075,0.88477,0.000683448,0.000683448,0.000683448
529,1690.91,0.37291,0.26373,0.88119,0.64836,0.66605,0.66333,0.6327,0.35162,0.27727,0.879,0.000682033,0.000682033,0.000682033
530,1694.09,0.37573,0.2596,0.88196,0.64953,0.66667,0.66333,0.62991,0.35575,0.2674,0.88024,0.000680618,0.000680618,0.000680618
531,1697.25,0.37302,0.26475,0.88166,0.65091,0.66667,0.66333,0.63786,0.35754,0.25252,0.88681,0.000679204,0.000679204,0.000679204
532,1700.68,0.39376,0.27853,0.89317,0.99279,0.66667,0.66333,0.64037,0.37384,0.22908,0.89325,0.000677789,0.000677789,0.000677789
533,1703.75,0.36474,0.26387,0.88002,0.99399,0.66667,0.66333,0.63185,0.36152,0.24506,0.88239,0.000676374,0.000676374,0.000676374
534,1707.07,0.36268,0.25878,0.87865,0.66667,0.66667,0.66333,0.6429,0.37854,0.24683,0.89161,0.00067496,0.00067496,0.00067496
535,1710.43,0.37679,0.26591,0.87889,0.65752,0.66667,0.66333,0.62957,0.3975,0.2586,0.89435,0.000673545,0.000673545,0.000673545
536,1713.62,0.40037,0.27379,0.89745,0.65359,0.66667,0.66333,0.63236,0.37203,0.25866,0.87909,0.00067213,0.00067213,0.00067213
537,1716.7,0.37591,0.27318,0.89134,0.98909,0.66667,0.66333,0.62919,0.36897,0.2442,0.88095,0.000670715,0.000670715,0.000670715
538,1719.99,0.37103,0.2749,0.88959,0.99855,0.66667,0.66333,0.62898,0.39091,0.25487,0.88578,0.000669301,0.000669301,0.000669301
539,1723.02,0.39566,0.28123,0.91446,0.99869,0.66667,0.66333,0.63175,0.38498,0.26936,0.88188,0.000667886,0.000667886,0.000667886
540,1726.12,0.39293,0.27223,0.89521,0.9993,0.66667,0.66333,0.63299,0.3627,0.27419,0.87435,0.000666471,0.000666471,0.000666471
541,1729.17,0.37037,0.26397,0.89734,0.66358,0.66667,0.66333,0.62953,0.36981,0.29141,0.87872,0.000665057,0.000665057,0.000665057
542,1732.26,0.40118,0.27099,0.88387,0.97943,0.66667,0.66333,0.6288,0.37326,0.26949,0.88027,0.000663642,0.000663642,0.000663642
543,1735.37,0.36503,0.27098,0.89542,0.99771,0.66667,0.66333,0.64288,0.33133,0.25423,0.86157,0.000662227,0.000662227,0.000662227
544,1738.47,0.36356,0.26109,0.8847,0.99818,0.66667,0.66333,0.64101,0.34002,0.24266,0.87258,0.000660812,0.000660812,0.000660812
545,1741.55,0.37605,0.26915,0.89138,0.99799,0.66667,0.66333,0.63984,0.35312,0.24113,0.87788,0.000659398,0.000659398,0.000659398
546,1744.91,0.37795,0.26577,0.88783,0.64482,0.66667,0.66333,0.63633,0.36709,0.28008,0.87983,0.000657983,0.000657983,0.000657983
547,1748.05,0.36753,0.2736,0.88354,0.64183,0.66234,0.66333,0.63201,0.36825,0.30345,0.88132,0.000656568,0.000656568,0.000656568
548,1751.36,0.39608,0.28271,0.90789,0.64103,0.66157,0.66333,0.63096,0.36899,0.33753,0.88353,0.000655154,0.000655154,0.000655154
549,1754.54,0.37357,0.27219,0.87999,0.6411,0.65767,0.66333,0.62928,0.36778,0.32968,0.88007,0.000653739,0.000653739,0.000653739
550,1757.91,0.37355,0.27081,0.90432,0.96257,0.66667,0.66333,0.61952,0.37344,0.30109,0.88867,0.000652324,0.000652324,0.000652324
551,1761.13,0.38147,0.26626,0.88443,0.63681,0.66667,0.66333,0.61611,0.37033,0.31197,0.88953,0.000650909,0.000650909,0.000650909
552,1764.54,0.37442,0.27672,0.89589,0.64766,0.66667,0.66333,0.62801,0.35932,0.28279,0.88423,0.000649495,0.000649495,0.000649495
553,1767.91,0.38008,0.27876,0.89632,0.98875,0.66667,0.66333,0.63482,0.36029,0.26093,0.88366,0.00064808,0.00064808,0.00064808
554,1771.49,0.38778,0.26694,0.88688,0.99197,0.66667,0.66333,0.62,0.39167,0.25236,0.90195,0.000646665,0.000646665,0.000646665
555,1774.83,0.36564,0.2596,0.88321,0.99274,0.66667,0.66333,0.62121,0.39748,0.25465,0.90136,0.000645251,0.000645251,0.000645251
556,1778.27,0.36678,0.25815,0.86708,0.99105,0.66667,0.66333,0.63423,0.38699,0.25845,0.89343,0.000643836,0.000643836,0.000643836
557,1781.42,0.37615,0.27593,0.90295,0.98815,0.66667,0.66333,0.63598,0.36517,0.26307,0.88362,0.000642421,0.000642421,0.000642421
558,1784.54,0.36519,0.25664,0.8698,0.97916,0.66667,0.66333,0.6389,0.35986,0.25824,0.88154,0.000641007,0.000641007,0.000641007
559,1787.8,0.36791,0.27165,0.87775,0.64937,0.66667,0.66333,0.64263,0.36262,0.26248,0.87965,0.000639592,0.000639592,0.000639592
560,1791.26,0.37288,0.26595,0.90241,0.99254,0.66667,0.66333,0.63584,0.37988,0.23274,0.88791,0.000638177,0.000638177,0.000638177
561,1794.76,0.36827,0.27572,0.88112,0.99015,0.66667,0.66333,0.6299,0.37646,0.25177,0.88369,0.000636762,0.000636762,0.000636762
562,1798,0.35083,0.2556,0.88333,0.6455,0.66535,0.66333,0.64398,0.34813,0.29083,0.8724,0.000635348,0.000635348,0.000635348
563,1801.12,0.37919,0.27054,0.89966,0.66667,0.66519,0.66333,0.64445,0.35041,0.32674,0.87088,0.000633933,0.000633933,0.000633933
564,1804.23,0.34209,0.2421,0.87473,0.66667,0.66542,0.66333,0.63644,0.34739,0.33083,0.87236,0.000632518,0.000632518,0.000632518
565,1807.7,0.3727,0.2605,0.87928,0.66596,0.66667,0.66333,0.64533,0.35168,0.2965,0.8759,0.000631104,0.000631104,0.000631104
566,1810.92,0.37301,0.26598,0.88133,0.98558,0.66667,0.66333,0.63946,0.35248,0.23511,0.87935,0.000629689,0.000629689,0.000629689
567,1814.14,0.37322,0.26923,0.89351,0.99084,0.66667,0.66333,0.63513,0.36465,0.22058,0.8839,0.000628274,0.000628274,0.000628274
568,1817.44,0.36892,0.26167,0.9011,0.99327,0.66667,0.66333,0.62487,0.37465,0.2194,0.88892,0.000626859,0.000626859,0.000626859
569,1820.93,0.38442,0.27589,0.89475,0.99336,0.66667,0.66333,0.6329,0.37464,0.22793,0.88613,0.000625445,0.000625445,0.000625445
570,1824.41,0.38725,0.27813,0.89022,0.65599,0.66667,0.66333,0.63131,0.35249,0.21567,0.87582,0.00062403,0.00062403,0.00062403
571,1827.92,0.38346,0.2729,0.90193,0.65127,0.66667,0.66333,0.64403,0.35045,0.22713,0.8754,0.000622615,0.000622615,0.000622615
572,1831.43,0.34519,0.24752,0.88466,0.6456,0.66667,0.66333,0.63459,0.35032,0.23601,0.87869,0.000621201,0.000621201,0.000621201
573,1835.06,0.37517,0.26722,0.88799,0.64794,0.66667,0.66333,0.62798,0.3498,0.23232,0.87644,0.000619786,0.000619786,0.000619786
574,1838.56,0.35166,0.25672,0.87255,0.99051,0.66667,0.66333,0.63217,0.35586,0.21096,0.87919,0.000618371,0.000618371,0.000618371
575,1841.99,0.35812,0.25735,0.87834,0.9889,0.66667,0.66333,0.63069,0.36578,0.22671,0.88564,0.000616956,0.000616956,0.000616956
576,1845.35,0.34259,0.24128,0.88144,0.97773,0.66667,0.66333,0.642,0.34372,0.25908,0.8764,0.000615542,0.000615542,0.000615542
577,1848.84,0.35644,0.25695,0.88549,0.97524,0.66667,0.66333,0.63923,0.33493,0.28531,0.87137,0.000614127,0.000614127,0.000614127
578,1852.26,0.36225,0.26303,0.91134,0.97354,0.66667,0.66333,0.63175,0.33845,0.26128,0.86909,0.000612712,0.000612712,0.000612712
579,1855.53,0.39502,0.27841,0.89973,0.97961,0.66667,0.66333,0.62779,0.34292,0.25831,0.86791,0.000611298,0.000611298,0.000611298
580,1858.82,0.34966,0.24987,0.87282,0.65216,0.66667,0.66333,0.63679,0.34279,0.2466,0.87244,0.000609883,0.000609883,0.000609883
581,1862.23,0.33617,0.25012,0.87989,0.65246,0.66667,0.66333,0.634,0.34922,0.26974,0.87664,0.000608468,0.000608468,0.000608468
582,1865.33,0.35568,0.25672,0.8881,0.64502,0.66667,0.66333,0.63749,0.35295,0.29294,0.87534,0.000607053,0.000607053,0.000607053
583,1868.48,0.34,0.24574,0.85789,0.64047,0.66667,0.66333,0.63221,0.33776,0.29342,0.87036,0.000605639,0.000605639,0.000605639
584,1871.77,0.36296,0.26027,0.87852,0.64364,0.66489,0.66333,0.63431,0.33225,0.26826,0.86884,0.000604224,0.000604224,0.000604224
585,1875.14,0.32998,0.23486,0.87034,0.66667,0.66501,0.66333,0.63591,0.33592,0.26526,0.87097,0.000602809,0.000602809,0.000602809
586,1878.23,0.35921,0.24634,0.88149,0.64532,0.66462,0.66333,0.64254,0.34082,0.26497,0.87021,0.000601395,0.000601395,0.000601395
587,1881.31,0.33862,0.24332,0.86285,0.64811,0.66571,0.66333,0.63619,0.3522,0.26566,0.87274,0.00059998,0.00059998,0.00059998
588,1884.41,0.3575,0.26358,0.8966,0.98372,0.66667,0.66333,0.6374,0.36998,0.26958,0.87861,0.000598565,0.000598565,0.000598565
589,1887.5,0.36309,0.25477,0.88157,0.98652,0.66667,0.66333,0.63433,0.36803,0.25554,0.87663,0.000597151,0.000597151,0.000597151
590,1890.91,0.34423,0.26039,0.87448,0.98845,0.66667,0.66333,0.63281,0.36385,0.23322,0.8764,0.000595736,0.000595736,0.000595736
591,1894.26,0.34888,0.24724,0.87469,0.99179,0.66667,0.66333,0.63898,0.36661,0.2291,0.87763,0.000594321,0.000594321,0.000594321
592,1897.48,0.3533,0.24666,0.88106,0.65435,0.66667,0.66333,0.64041,0.35301,0.25226,0.87776,0.000592906,0.000592906,0.000592906
593,1900.87,0.34425,0.24759,0.87238,0.65099,0.66667,0.66333,0.64787,0.35338,0.26051,0.8753,0.000591492,0.000591492,0.000591492
594,1904.07,0.35469,0.24755,0.88429,0.6497,0.66667,0.66333,0.63763,0.3592,0.27634,0.87298,0.000590077,0.000590077,0.000590077
595,1907.62,0.35231,0.25869,0.86994,0.98829,0.66667,0.66333,0.63431,0.35422,0.25155,0.87857,0.000588662,0.000588662,0.000588662
596,1911.02,0.35241,0.25878,0.87888,0.99392,0.66667,0.66333,0.63333,0.36078,0.23394,0.88263,0.000587248,0.000587248,0.000587248
597,1914.44,0.35729,0.26525,0.88511,0.99403,0.66667,0.66333,0.6323,0.36135,0.23411,0.87827,0.000585833,0.000585833,0.000585833
